Unnamed: 0,name,link,category,subcategory,price,size,condition,color,views,interested
0,Adidas samba og cloud white core black,https://www.vinted.fr/femmes/chaussures/baskets-2632/2917299546-adidas-samba-og-cloud-white-core-black,Chaussures,Baskets,150.0,38,5,"NOIR, BLANC",12,1.0
1,Jogging Adidas Noir,https://www.vinted.fr/femmes/vetements/vetements-de-sport/survetements/2813316058-jogging-adidas-noir,VÃªtements de sport,SurvÃªtements,29.0,S / 36 / 8,3,NOIR,330,42.0
2,Adidas Ozelia,https://www.vinted.fr/hommes/chaussures/baskets/2907889609-adidas-ozelia,Chaussures,Baskets,80.0,44,5,"ORANGE, BLANC",119,0.0
3,Ensemble adidas noir,https://www.vinted.fr/enfants/garcons/autres/2803701842-ensemble-adidas-noir,GarÃ§ons,Autres,40.0,13 ANS / 152-158 CM,4,NOIR,78,3.0
4,Adidas cuir,https://www.vinted.fr/hommes/chaussures/chaussures-de-sport/chaussures-de-tennis/2898719460-adidas-cuir,Chaussures de sport,Chaussures de tennis,12.0,41,2,BLANC,92,0.0
5,Gilet Adidas,https://www.vinted.fr/enfants/garcons/pulls-and-sweats/gilets-zippes/2883094193-gilet-adidas,Pulls & sweats,Gilets zippÃ©s,13.0,16 ANS / 170-176 CM,4,"NOIR, ORANGE",52,0.0
6,Maillot de foot Japon,https://www.vinted.fr/hommes/vetements/vetements-de-sport-and-accessoires/hauts-and-t-shirts/2908005887-maillot-de-foot-japon,VÃªtements de sport & accessoires,Hauts & t-shirts,40.0,L,5,MULTICOLORE,276,7.0
7,Chaussure adidas homme,https://www.vinted.fr/hommes/chaussures/chaussures-habillees/chaussures-a-lacets/2904594972-chaussure-adidas-homme,Chaussures habillÃ©es,Chaussures Ã  lacets,7.0,44,2,BLEU,87,0.0
8,Sweat Ã  capuche Adidas femme bleu style rÃ©tro taille S,https://www.vinted.fr/femmes/vetements/sweats-and-sweats-a-capuche-196/2906924645-sweat-a-capuche-adidas-femme-bleu-style-retro-taille-s,Sweats et sweats Ã  capuche,Sweats & sweats Ã  capuche,11.0,S / 36 / 8,3,BLEU,176,4.0
9,Veste Polaire sans manche adidas RÃ©versible,https://www.vinted.fr/hommes/vetements/manteaux-and-vestes/vestes-sans-manches/2914657601-veste-polaire-sans-manche-adidas-reversible,Manteaux & vestes,Vestes sans manches,35.0,M,3,"BEIGE, BLEU",54,7.0
10,hoodie adidas adventure,https://www.vinted.fr/hommes/vetements/sweats-and-pulls-1811/2912610067-hoodie-adidas-adventure,Sweats & pulls,Sweats,19.0,S,4,"JAUNE, MARINE",44,1.0
11,Short Adidas 12 ans parfait Ã©tat,https://www.vinted.fr/enfants/garcons/pantalons-and-shorts/shorts-et-pantacourts/2914118390-short-adidas-12-ans-parfait-etat,Pantalons & shorts,Shorts et pantacourts,15.0,12 ANS / 146-152 CM,3,GRIS,18,3.0
12,Adidas trÃ¨s bon Ã©tat pointure 42,https://www.vinted.fr/hommes/chaussures/baskets/2915509270-adidas-tres-bon-etat-pointure-42,Chaussures,Baskets,39.0,42,3,NOIR,43,0.0
13,Messi argentine,https://www.vinted.fr/hommes/vetements/vetements-de-sport-and-accessoires/hauts-and-t-shirts/2898191716-messi-argentine,VÃªtements de sport & accessoires,Hauts & t-shirts,40.0,M,5,"BLEU, BLANC",74,0.0
14,Basket taille 22,https://www.vinted.fr/enfants/garcons/chaussures/chaussures-bebe/2794474736-basket-taille-22,Chaussures,Chaussures bÃ©bÃ©,10.0,22,2,NOIR,192,3.0
15,Adidas white samba OG taille 42,https://www.vinted.fr/hommes/chaussures/baskets/2912097964-adidas-white-samba-og-taille-42,Chaussures,Baskets,110.0,42,5,BLANC,183,2.0
16,Emsemble,https://www.vinted.fr/enfants/garcons/autres/2840022823-emsemble,GarÃ§ons,Autres,8.0,10 ANS / 134-140 CM,3,"NOIR, GRIS",48,1.0
17,Jogging Juventus neuf,https://www.vinted.fr/hommes/vetements/vetements-de-sport-and-accessoires/survetements/2892656203-jogging-juventus-neuf,VÃªtements de sport & accessoires,SurvÃªtements,30.0,S,3,"NOIR, GRIS",47,4.0
18,Addidas Ozweego,https://www.vinted.fr/hommes/chaussures/baskets/2905654410-addidas-ozweego,Chaussures,Baskets,45.0,44,4,TURQUOISE,39,3.0
19,Baskets bÃ©bÃ© fille adidas minnie,https://www.vinted.fr/enfants/filles/chaussures/baskets/baskets-a-scratch/2824439674-baskets-bebe-fille-adidas-minnie,Baskets,Baskets Ã  scratch,15.0,19,3,"ROUGE, BLANC",176,15.0
20,Survet gris adidas,https://www.vinted.fr/femmes/vetements/vetements-de-sport/survetements/2886577844-survet-gris-adidas,VÃªtements de sport,SurvÃªtements,3.5,XS / 34 / 6,2,GRIS,140,13.0
21,Ensemble survÃªtement Adidas neuf,https://www.vinted.fr/enfants/garcons/vetements-de-sport/2906276734-ensemble-survetement-adidas-neuf,GarÃ§ons,VÃªtements de sport,39.0,14 ANS / 158-164 CM,5,NOIR,60,3.0
22,Short Adidas Bayer Munich rÃ©tro taille XL,https://www.vinted.fr/hommes/vetements/vetements-de-sport-and-accessoires/shorts/2909016599-short-adidas-bayer-munich-retro-taille-xl,VÃªtements de sport & accessoires,Shorts,17.0,XL,3,"ROUGE, BLEU",213,14.0
23,Pull adidas rose,https://www.vinted.fr/ninos/ninas/jerseis-y-sudaderas/sudaderas/2880804765-pull-adidas-rose,Pulls & sweats,Pulls Ã  capuche & sweatshirts,12.0,13 ANS / 152-158 CM,3,ROSE,34,0.0
24,Gilet zip adidas,https://www.vinted.fr/uomo/vestiti/abbigliamento-sportivo/capispalla/2864627051-gilet-zip-adidas,VÃªtements de sport & accessoires,VÃªtements d'extÃ©rieur,10.0,S,3,"BLEU, MARINE",37,6.0
25,Jogging adidas,https://www.vinted.fr/enfants/garcons/vetements-de-sport/2906843882-jogging-adidas,GarÃ§ons,VÃªtements de sport,25.0,9-12 MOIS / 74-80 CM,4,ORANGE,15,6.0
26,Adidas trÃ¨s bon Ã©tat pointure 41,https://www.vinted.fr/hommes/chaussures/baskets/2909606465-adidas-tres-bon-etat-pointure-41,Chaussures,Baskets,39.0,41,3,BLANC,62,0.0
27,Basket continental 80 j,https://www.vinted.fr/femmes/chaussures/baskets-2632/2915161985-basket-continental-80-j,Chaussures,Baskets,35.0,37,5,BLANC,282,2.0
28,Baskets,https://www.vinted.fr/enfants/filles/chaussures/baskets/baskets-sans-lacets/2915920787-baskets,Baskets,Baskets sans lacets,25.0,35,3,"BLANC, ARGENTÃ‰",7,0.0
29,Adidas Oznova,https://www.vinted.fr/hommes/chaussures/baskets/2917566309-adidas-oznova,Chaussures,Baskets,55.0,43,5,"BEIGE, BLANC",1,0.0
30,Pantalon survÃªtement,https://www.vinted.fr/enfants/garcons/vetements-de-sport/2913488203-pantalon-survetement,GarÃ§ons,VÃªtements de sport,6.0,12 ANS / 146-152 CM,2,NOIR,30,2.0
31,"Campus 00s Beige 38,5",https://www.vinted.fr/femmes/chaussures/baskets-2632/2909309881-campus-00s-beige-385,Chaussures,Baskets,200.0,38.5,5,"BEIGE, BLANC",214,11.0
32,Adidas Gazelle Decon neuves,https://www.vinted.fr/femmes/chaussures/baskets-2632/2910551155-adidas-gazelle-decon-neuves,Chaussures,Baskets,73.0,38,5,"MARRON, ROSE",91,0.0
33,Veste Adidas Vintage,https://www.vinted.fr/hombre/ropa/abrigos-y-chaquetas/chaquetas/cortavientos/2899768886-veste-adidas-vintage,Vestes,Vestes coupe-vent,35.0,XL,3,"NOIR, ROUGE",94,6.0
34,Veste adidas bleu,https://www.vinted.fr/hommes/vetements/sweats-and-pulls/pulls-a-capuche-avec-zip/2907871332-veste-adidas-bleu,Sweats & pulls,Pulls Ã  capuche avec zip,15.0,S,4,MARINE,87,2.0
35,Pull Adidas Vintage,https://www.vinted.fr/hommes/vetements/sweats-and-pulls/pulls-et-pulls-a-capuche/2906154609-pull-adidas-vintage,Sweats & pulls,Pulls et pulls Ã  capuche,12.0,S,3,"JAUNE, BLEU",82,1.0
36,Ensemble adidas ol dembele,https://www.vinted.fr/enfants/garcons/vetements-de-sport/2912758551-ensemble-adidas-ol-dembele,GarÃ§ons,VÃªtements de sport,15.0,12 ANS / 146-152 CM,3,"NOIR, ROUGE",16,0.0
37,Veste du Real de Madrid,https://www.vinted.fr/hommes/vetements/vetements-de-sport-and-accessoires/vetements-dexterieur/2883404060-veste-du-real-de-madrid,VÃªtements de sport & accessoires,VÃªtements d'extÃ©rieur,20.0,S,4,"BLEU, MARINE",51,4.0
38,"Basket adidas sleek tissue noir t41,2",https://www.vinted.fr/femmes/chaussures/baskets-2632/2910695210-basket-adidas-sleek-tissue-noir-t412,Chaussures,Baskets,15.0,41.5,3,"NOIR, ARGENTÃ‰",79,1.0
39,Jogging Adidas,https://www.vinted.fr/femmes/vetements/vetements-de-sport/survetements/2908452820-jogging-adidas,VÃªtements de sport,SurvÃªtements,40.0,S / 36 / 8,3,CORAIL,23,4.0
40,Adidas trÃ¨s bon Ã©tat pointure 41,https://www.vinted.fr/hommes/chaussures/baskets/2910159605-adidas-tres-bon-etat-pointure-41,Chaussures,Baskets,39.0,41,3,BLANC,167,1.0
41,Basket adidas neuves,https://www.vinted.fr/enfants/garcons/chaussures/chaussures-de-sport/chaussures-de-basket/2900061192-basket-adidas-neuves,Chaussures de sport,Chaussures de basket,25.0,37,5,NOIR,70,0.0
42,ProtÃ¨ge tibia Adidas,https://www.vinted.fr/hommes/vetements/vetements-de-sport-and-accessoires/accessoires-de-sports/protections/2908429936-protege-tibia-adidas,Accessoires de sports,Protections,13.0,S,4,"NOIR, BLANC",30,2.0
43,ğŸ ensemble Adidas ğŸ,https://www.vinted.fr/femmes/vetements/vetements-de-sport/survetements/2914484992-ensemble-adidas,VÃªtements de sport,SurvÃªtements,45.0,S / 36 / 8,3,ROUGE,184,5.0
44,Adidas Forum Bold,https://www.vinted.fr/enfants/filles/chaussures/baskets/baskets-a-lacets/2869683676-adidas-forum-bold,Baskets,Baskets Ã  lacets,40.0,38,2,"BLANC, ROSE",68,1.0
45,Veste Adidas,https://www.vinted.fr/hommes/vetements/vetements-de-sport-and-accessoires/pulls-and-sweats/2909853211-veste-adidas,VÃªtements de sport & accessoires,Pulls & sweats,28.0,M,3,"BLEU, CRÃˆME",77,0.0
46,2 survÃªtement garÃ§on,https://www.vinted.fr/enfants/garcons/vetements-de-sport/2874907386-2-survetement-garcon,GarÃ§ons,VÃªtements de sport,12.0,3-6 MOIS / 62-68 CM,3,"NOIR, MULTICOLORE",29,1.0
47,Sweat Adidas Vintage,https://www.vinted.fr/hommes/vetements/sweats-and-pulls-1811/2903317697-sweat-adidas-vintage,Sweats & pulls,Sweats,35.0,L,3,GRIS,97,11.0
48,Maillot de football AlgÃ©rie,https://www.vinted.fr/hommes/vetements/vetements-de-sport-and-accessoires/autres/2889553231-maillot-de-football-algerie,VÃªtements de sport & accessoires,Autres,15.0,S,1,"VERT, BLANC",52,1.0
49,Veste adidas,https://www.vinted.fr/enfants/filles/pulls-and-sweats/gilets-zippes/2876539291-veste-adidas,Pulls & sweats,Gilets zippÃ©s,5.0,18-24 MOIS / 86-92 CM,3,ROSE,62,8.0
50,Ensemble de jogging Adidas femme taille S,https://www.vinted.fr/femmes/vetements/vetements-de-sport/survetements/2911604174-ensemble-de-jogging-adidas-femme-taille-s,VÃªtements de sport,SurvÃªtements,38.0,S / 36 / 8,3,"NOIR, BLANC",239,2.0
51,Adidas - Jogging rouge,https://www.vinted.fr/femmes/vetements/vetements-de-sport/survetements/2531111565-adidas-jogging-rouge,VÃªtements de sport,SurvÃªtements,65.0,XXS / 32 / 4,4,"ROUGE, BLANC",15,0.0
52,Ensemble Adidas,https://www.vinted.fr/enfants/garcons/vetements-de-sport/2831608687-ensemble-adidas,GarÃ§ons,VÃªtements de sport,9.0,1-3 MOIS / 56-62 CM,3,BLEU,57,6.0
53,Tee shirt adidas,https://www.vinted.fr/femmes/vetements/hauts-and-t-shirts/t-shirts/2917289084-tee-shirt-adidas,Hauts et t-shirts,T-shirts,10.0,M / 38 / 10,3,ROUGE,3,2.0
54,Adidas bon Ã©tat pointure 42,https://www.vinted.fr/hommes/chaussures/baskets/2909629285-adidas-bon-etat-pointure-42,Chaussures,Baskets,39.0,42,2,BLANC,137,2.0
55,Veste type k-way adidas,https://www.vinted.fr/hommes/vetements/vetements-de-sport-and-accessoires/survetements/2140985083-veste-type-k-way-adidas,VÃªtements de sport & accessoires,SurvÃªtements,7.0,S,3,"NOIR, ROUGE",237,1.0
56,SurvÃªtement de la Juventus,https://www.vinted.fr/hommes/vetements/vetements-de-sport-and-accessoires/survetements/2900093935-survetement-de-la-juventus,VÃªtements de sport & accessoires,SurvÃªtements,20.0,S,3,"GRIS, BLANC",91,2.0
57,Jogging gris et rose,https://www.vinted.fr/femmes/vetements/vetements-de-sport/survetements/2874025622-jogging-gris-et-rose,VÃªtements de sport,SurvÃªtements,5.0,AUTRE,3,"GRIS, ROSE",87,3.0
58,Hoodie Adidas Noir,https://www.vinted.fr/hommes/vetements/sweats-and-pulls/pulls-et-pulls-a-capuche/2677267366-hoodie-adidas-noir,Sweats & pulls,Pulls et pulls Ã  capuche,19.0,L,1,NOIR,182,26.0
59,Pull adidas 4ans,https://www.vinted.fr/enfants/filles/pulls-and-sweats-1542/2585569487-pull-adidas-4ans,Pulls & sweats,Pulls,3.0,4 ANS / 98-104 CM,2,ROUGE,96,1.0
60,Adidas Retropy F2,https://www.vinted.fr/hommes/chaussures/baskets/2872023209-adidas-retropy-f2,Chaussures,Baskets,50.0,45.5,4,"BLEU, VERT",72,1.0
61,Teeshirt manches longues,https://www.vinted.fr/uomo/vestiti/top-e-t-shirt/t-shirt/t-shirt-a-maniche-lunghe/2906329055-teeshirt-manches-longues,T-shirts,T-shirts manches longues,13.0,XS,3,"NOIR, BLANC",41,0.0
62,Adidas bÃ©bÃ© fille pointure 19 neuves,https://www.vinted.fr/enfants/filles/chaussures/chaussures-bebe/2861637015-adidas-bebe-fille-pointure-19-neuves,Chaussures,Chaussures bÃ©bÃ©,9.0,19,5,MULTICOLORE,425,0.0
63,Crampon adidas,https://www.vinted.fr/hommes/chaussures/chaussures-de-sport/chaussures-de-foot/2909890015-crampon-adidas,Chaussures de sport,Chaussures de foot,15.0,42,3,"NOIR, ORANGE",109,8.0
64,Baskets Stan Smith,https://www.vinted.fr/women/shoes/trainers/2917614822-baskets-stan-smith,Chaussures,Baskets,55.0,40.5,3,"VERT, BLANC",1,0.0
65,Sweat Adidas rÃ©tro / vintage homme gris taille S,https://www.vinted.fr/hommes/vetements/sweats-and-pulls-1811/2749120775-sweat-adidas-retro-vintage-homme-gris-taille-s,Sweats & pulls,Sweats,20.0,S,3,GRIS,144,10.0
66,Pull adidas,https://www.vinted.fr/men/clothes/activewear/hoodies-and-sweatshirts/2905270281-pull-adidas,VÃªtements de sport & accessoires,Pulls & sweats,25.0,S,4,CRÃˆME,77,1.0
67,Adidas nizza,https://www.vinted.fr/femmes/chaussures/baskets-2632/2878841528-adidas-nizza,Chaussures,Baskets,25.0,38.5,3,NOIR,60,5.0
68,Pull Adidas BrodÃ©,https://www.vinted.fr/hommes/vetements/vetements-de-sport-and-accessoires/pulls-and-sweats/2905616366-pull-adidas-brode,VÃªtements de sport & accessoires,Pulls & sweats,22.0,M,3,NOIR,94,3.0
69,Ensemble adidas de survÃªtement,https://www.vinted.fr/hommes/vetements/vetements-de-sport-and-accessoires/survetements/2910561011-ensemble-adidas-de-survetement,VÃªtements de sport & accessoires,SurvÃªtements,20.0,S,3,"BLEU, TURQUOISE",40,6.0
70,yeezy 700 v3 azael,https://www.vinted.fr/hommes/chaussures/baskets/2877569331-yeezy-700-v3-azael,Chaussures,Baskets,165.0,40,4,BLANC,342,19.0
71,Adidas samba og cloud white core black,https://www.vinted.fr/femmes/chaussures/baskets-2632/2917299546-adidas-samba-og-cloud-white-core-black,Chaussures,Baskets,150.0,38,5,"NOIR, BLANC",12,1.0
72,Jogging Adidas Noir,https://www.vinted.fr/femmes/vetements/vetements-de-sport/survetements/2813316058-jogging-adidas-noir,VÃªtements de sport,SurvÃªtements,29.0,S / 36 / 8,3,NOIR,330,42.0
73,Adidas Ozelia,https://www.vinted.fr/hommes/chaussures/baskets/2907889609-adidas-ozelia,Chaussures,Baskets,80.0,44,5,"ORANGE, BLANC",119,0.0
74,Ensemble adidas noir,https://www.vinted.fr/enfants/garcons/autres/2803701842-ensemble-adidas-noir,GarÃ§ons,Autres,40.0,13 ANS / 152-158 CM,4,NOIR,78,3.0
75,Adidas cuir,https://www.vinted.fr/hommes/chaussures/chaussures-de-sport/chaussures-de-tennis/2898719460-adidas-cuir,Chaussures de sport,Chaussures de tennis,12.0,41,2,BLANC,92,0.0
76,Gilet Adidas,https://www.vinted.fr/enfants/garcons/pulls-and-sweats/gilets-zippes/2883094193-gilet-adidas,Pulls & sweats,Gilets zippÃ©s,13.0,16 ANS / 170-176 CM,4,"NOIR, ORANGE",53,0.0
77,Maillot de foot Japon,https://www.vinted.fr/hommes/vetements/vetements-de-sport-and-accessoires/hauts-and-t-shirts/2908005887-maillot-de-foot-japon,VÃªtements de sport & accessoires,Hauts & t-shirts,40.0,L,5,MULTICOLORE,277,7.0
78,Chaussure adidas homme,https://www.vinted.fr/hommes/chaussures/chaussures-habillees/chaussures-a-lacets/2904594972-chaussure-adidas-homme,Chaussures habillÃ©es,Chaussures Ã  lacets,7.0,44,2,BLEU,88,0.0
79,Sweat Ã  capuche Adidas femme bleu style rÃ©tro taille S,https://www.vinted.fr/femmes/vetements/sweats-and-sweats-a-capuche-196/2906924645-sweat-a-capuche-adidas-femme-bleu-style-retro-taille-s,Sweats et sweats Ã  capuche,Sweats & sweats Ã  capuche,11.0,S / 36 / 8,3,BLEU,176,4.0
80,Veste Polaire sans manche adidas RÃ©versible,https://www.vinted.fr/hommes/vetements/manteaux-and-vestes/vestes-sans-manches/2914657601-veste-polaire-sans-manche-adidas-reversible,Manteaux & vestes,Vestes sans manches,35.0,M,3,"BEIGE, BLEU",54,7.0
81,hoodie adidas adventure,https://www.vinted.fr/hommes/vetements/sweats-and-pulls-1811/2912610067-hoodie-adidas-adventure,Sweats & pulls,Sweats,19.0,S,4,"JAUNE, MARINE",44,1.0
82,Short Adidas 12 ans parfait Ã©tat,https://www.vinted.fr/enfants/garcons/pantalons-and-shorts/shorts-et-pantacourts/2914118390-short-adidas-12-ans-parfait-etat,Pantalons & shorts,Shorts et pantacourts,15.0,12 ANS / 146-152 CM,3,GRIS,18,3.0
83,Adidas trÃ¨s bon Ã©tat pointure 42,https://www.vinted.fr/hommes/chaussures/baskets/2915509270-adidas-tres-bon-etat-pointure-42,Chaussures,Baskets,39.0,42,3,NOIR,43,0.0
84,Messi argentine,https://www.vinted.fr/hommes/vetements/vetements-de-sport-and-accessoires/hauts-and-t-shirts/2898191716-messi-argentine,VÃªtements de sport & accessoires,Hauts & t-shirts,40.0,M,5,"BLEU, BLANC",74,0.0
85,Basket taille 22,https://www.vinted.fr/enfants/garcons/chaussures/chaussures-bebe/2794474736-basket-taille-22,Chaussures,Chaussures bÃ©bÃ©,10.0,22,2,NOIR,192,3.0
86,Adidas white samba OG taille 42,https://www.vinted.fr/hommes/chaussures/baskets/2912097964-adidas-white-samba-og-taille-42,Chaussures,Baskets,110.0,42,5,BLANC,183,2.0
87,Emsemble,https://www.vinted.fr/enfants/garcons/autres/2840022823-emsemble,GarÃ§ons,Autres,8.0,10 ANS / 134-140 CM,3,"NOIR, GRIS",48,1.0
88,Jogging Juventus neuf,https://www.vinted.fr/hommes/vetements/vetements-de-sport-and-accessoires/survetements/2892656203-jogging-juventus-neuf,VÃªtements de sport & accessoires,SurvÃªtements,30.0,S,3,"NOIR, GRIS",47,4.0
89,Addidas Ozweego,https://www.vinted.fr/hommes/chaussures/baskets/2905654410-addidas-ozweego,Chaussures,Baskets,45.0,44,4,TURQUOISE,39,3.0
90,Baskets bÃ©bÃ© fille adidas minnie,https://www.vinted.fr/enfants/filles/chaussures/baskets/baskets-a-scratch/2824439674-baskets-bebe-fille-adidas-minnie,Baskets,Baskets Ã  scratch,15.0,19,3,"ROUGE, BLANC",176,15.0
91,Survet gris adidas,https://www.vinted.fr/femmes/vetements/vetements-de-sport/survetements/2886577844-survet-gris-adidas,VÃªtements de sport,SurvÃªtements,3.5,XS / 34 / 6,2,GRIS,140,13.0
92,Ensemble survÃªtement Adidas neuf,https://www.vinted.fr/enfants/garcons/vetements-de-sport/2906276734-ensemble-survetement-adidas-neuf,GarÃ§ons,VÃªtements de sport,39.0,14 ANS / 158-164 CM,5,NOIR,60,3.0
93,Short Adidas Bayer Munich rÃ©tro taille XL,https://www.vinted.fr/hommes/vetements/vetements-de-sport-and-accessoires/shorts/2909016599-short-adidas-bayer-munich-retro-taille-xl,VÃªtements de sport & accessoires,Shorts,17.0,XL,3,"ROUGE, BLEU",213,14.0
94,Pull adidas rose,https://www.vinted.fr/ninos/ninas/jerseis-y-sudaderas/sudaderas/2880804765-pull-adidas-rose,Pulls & sweats,Pulls Ã  capuche & sweatshirts,12.0,13 ANS / 152-158 CM,3,ROSE,34,0.0
95,Gilet zip adidas,https://www.vinted.fr/uomo/vestiti/abbigliamento-sportivo/capispalla/2864627051-gilet-zip-adidas,VÃªtements de sport & accessoires,VÃªtements d'extÃ©rieur,10.0,S,3,"BLEU, MARINE",37,6.0
96,Jogging adidas,https://www.vinted.fr/enfants/garcons/vetements-de-sport/2906843882-jogging-adidas,GarÃ§ons,VÃªtements de sport,25.0,9-12 MOIS / 74-80 CM,4,ORANGE,15,6.0
97,Adidas trÃ¨s bon Ã©tat pointure 41,https://www.vinted.fr/hommes/chaussures/baskets/2909606465-adidas-tres-bon-etat-pointure-41,Chaussures,Baskets,39.0,41,3,BLANC,62,0.0
98,Basket continental 80 j,https://www.vinted.fr/femmes/chaussures/baskets-2632/2915161985-basket-continental-80-j,Chaussures,Baskets,35.0,37,5,BLANC,282,2.0
99,Baskets,https://www.vinted.fr/enfants/filles/chaussures/baskets/baskets-sans-lacets/2915920787-baskets,Baskets,Baskets sans lacets,25.0,35,3,"BLANC, ARGENTÃ‰",7,0.0
100,Adidas Oznova,https://www.vinted.fr/hommes/chaussures/baskets/2917566309-adidas-oznova,Chaussures,Baskets,55.0,43,5,"BEIGE, BLANC",1,0.0
101,Pantalon survÃªtement,https://www.vinted.fr/enfants/garcons/vetements-de-sport/2913488203-pantalon-survetement,GarÃ§ons,VÃªtements de sport,6.0,12 ANS / 146-152 CM,2,NOIR,30,2.0
102,"Campus 00s Beige 38,5",https://www.vinted.fr/femmes/chaussures/baskets-2632/2909309881-campus-00s-beige-385,Chaussures,Baskets,200.0,38.5,5,"BEIGE, BLANC",214,11.0
103,Adidas Gazelle Decon neuves,https://www.vinted.fr/femmes/chaussures/baskets-2632/2910551155-adidas-gazelle-decon-neuves,Chaussures,Baskets,73.0,38,5,"MARRON, ROSE",91,0.0
104,Veste Adidas Vintage,https://www.vinted.fr/hombre/ropa/abrigos-y-chaquetas/chaquetas/cortavientos/2899768886-veste-adidas-vintage,Vestes,Vestes coupe-vent,35.0,XL,3,"NOIR, ROUGE",94,6.0
105,Veste adidas bleu,https://www.vinted.fr/hommes/vetements/sweats-and-pulls/pulls-a-capuche-avec-zip/2907871332-veste-adidas-bleu,Sweats & pulls,Pulls Ã  capuche avec zip,15.0,S,4,MARINE,87,2.0
106,Pull Adidas Vintage,https://www.vinted.fr/hommes/vetements/sweats-and-pulls/pulls-et-pulls-a-capuche/2906154609-pull-adidas-vintage,Sweats & pulls,Pulls et pulls Ã  capuche,12.0,S,3,"JAUNE, BLEU",82,1.0
107,Ensemble adidas ol dembele,https://www.vinted.fr/enfants/garcons/vetements-de-sport/2912758551-ensemble-adidas-ol-dembele,GarÃ§ons,VÃªtements de sport,15.0,12 ANS / 146-152 CM,3,"NOIR, ROUGE",17,0.0
108,Veste du Real de Madrid,https://www.vinted.fr/hommes/vetements/vetements-de-sport-and-accessoires/vetements-dexterieur/2883404060-veste-du-real-de-madrid,VÃªtements de sport & accessoires,VÃªtements d'extÃ©rieur,20.0,S,4,"BLEU, MARINE",51,4.0
109,"Basket adidas sleek tissue noir t41,2",https://www.vinted.fr/femmes/chaussures/baskets-2632/2910695210-basket-adidas-sleek-tissue-noir-t412,Chaussures,Baskets,15.0,41.5,3,"NOIR, ARGENTÃ‰",79,1.0
110,Jogging Adidas,https://www.vinted.fr/femmes/vetements/vetements-de-sport/survetements/2908452820-jogging-adidas,VÃªtements de sport,SurvÃªtements,40.0,S / 36 / 8,3,CORAIL,23,4.0
111,Adidas trÃ¨s bon Ã©tat pointure 41,https://www.vinted.fr/hommes/chaussures/baskets/2910159605-adidas-tres-bon-etat-pointure-41,Chaussures,Baskets,39.0,41,3,BLANC,167,1.0
112,Basket adidas neuves,https://www.vinted.fr/enfants/garcons/chaussures/chaussures-de-sport/chaussures-de-basket/2900061192-basket-adidas-neuves,Chaussures de sport,Chaussures de basket,25.0,37,5,NOIR,70,0.0
113,ProtÃ¨ge tibia Adidas,https://www.vinted.fr/hommes/vetements/vetements-de-sport-and-accessoires/accessoires-de-sports/protections/2908429936-protege-tibia-adidas,Accessoires de sports,Protections,13.0,S,4,"NOIR, BLANC",31,2.0
114,Adidas Samba Noire Vegan,https://www.vinted.fr/femmes/chaussures/baskets-2632/2917072828-adidas-samba-noire-vegan,Chaussures,Baskets,130.0,40,5,"NOIR, MARRON",29,1.0
115,Baskets Adidas Gazelle rouge,https://www.vinted.fr/hommes/chaussures/baskets/2915365282-baskets-adidas-gazelle-rouge,Chaussures,Baskets,15.0,42.5,1,"ROUGE, BLANC",87,3.0
116,ğŸ ensemble Adidas ğŸ,https://www.vinted.fr/hommes/vetements/vetements-de-sport-and-accessoires/survetements/2902180829-ensemble-adidas,VÃªtements de sport & accessoires,SurvÃªtements,50.0,XS,3,NOIR,326,7.0
117,Veste adidas sport,https://www.vinted.fr/hommes/vetements/vetements-de-sport-and-accessoires/survetements/2916647308-veste-adidas-sport,VÃªtements de sport & accessoires,SurvÃªtements,39.0,M,3,"ROUGE, BLANC",22,1.0
118,Sweat Adidas Vintage,https://www.vinted.fr/hommes/vetements/sweats-and-pulls-1811/2903341239-sweat-adidas-vintage,Sweats & pulls,Sweats,30.0,XL,3,"NOIR, BLANC",169,27.0
119,Baskets adidas,https://www.vinted.fr/enfants/garcons/chaussures/baskets/baskets-a-lacets/2907632936-baskets-adidas,Baskets,Baskets Ã  lacets,7.0,33,3,"NOIR, BLANC",35,0.0
120,Ensemble bÃ©bÃ© garÃ§on,https://www.vinted.fr/enfants/garcons/vetements-de-sport/2892342951-ensemble-bebe-garcon,GarÃ§ons,VÃªtements de sport,7.0,6-9 MOIS / 68-74 CM,3,"NOIR, GRIS",57,5.0
121,SurvÃªtement du Bayern,https://www.vinted.fr/hommes/vetements/vetements-de-sport-and-accessoires/survetements/2904568964-survetement-du-bayern,VÃªtements de sport & accessoires,SurvÃªtements,20.0,XS,3,NOIR,98,2.0
122,Sneakers / basket Adidas Yung-1 gris clair et abricot taille 38 2/3 femme,https://www.vinted.fr/femmes/chaussures/baskets-2632/2906950827-sneakers-basket-adidas-yung-1-gris-clair-et-abricot-taille-38-23-femme,Chaussures,Baskets,49.0,38,5,"GRIS, ABRICOT",168,5.0
123,Sweat Adidas,https://www.vinted.fr/hommes/vetements/sweats-and-pulls-1811/2917539320-sweat-adidas,Sweats & pulls,Sweats,35.0,L,3,BORDEAUX,1,0.0
124,Ensemble Adidas firebird,https://www.vinted.fr/hommes/vetements/vetements-de-sport-and-accessoires/survetements/2905954609-ensemble-adidas-firebird,VÃªtements de sport & accessoires,SurvÃªtements,100.0,S,5,ROUGE,173,5.0
125,Maillot france Zidane coupe du monde 2006,https://www.vinted.fr/hommes/vetements/vetements-de-sport-and-accessoires/hauts-and-t-shirts/2896973886-maillot-france-zidane-coupe-du-monde-2006,VÃªtements de sport & accessoires,Hauts & t-shirts,65.0,M,3,BLEU,289,4.0
126,Ensemble addidas,https://www.vinted.fr/hommes/vetements/vetements-de-sport-and-accessoires/survetements/2915744203-ensemble-addidas,VÃªtements de sport & accessoires,SurvÃªtements,20.0,L,5,MARINE,67,1.0
127,Basket,https://www.vinted.fr/enfants/filles/chaussures/baskets/baskets-a-lacets/2908583813-basket,Baskets,Baskets Ã  lacets,8.0,28,2,GRIS,36,0.0
128,Jogging gris et rose,https://www.vinted.fr/femmes/vetements/vetements-de-sport/survetements/2874025622-jogging-gris-et-rose,VÃªtements de sport,SurvÃªtements,5.0,AUTRE,3,"GRIS, ROSE",89,3.0
129,Hoodie Adidas Noir,https://www.vinted.fr/hommes/vetements/sweats-and-pulls/pulls-et-pulls-a-capuche/2677267366-hoodie-adidas-noir,Sweats & pulls,Pulls et pulls Ã  capuche,19.0,L,1,NOIR,182,26.0
130,Pull adidas 4ans,https://www.vinted.fr/enfants/filles/pulls-and-sweats-1542/2585569487-pull-adidas-4ans,Pulls & sweats,Pulls,3.0,4 ANS / 98-104 CM,2,ROUGE,97,1.0
131,Adidas Retropy F2,https://www.vinted.fr/hommes/chaussures/baskets/2872023209-adidas-retropy-f2,Chaussures,Baskets,50.0,45.5,4,"BLEU, VERT",72,1.0
132,Teeshirt manches longues,https://www.vinted.fr/uomo/vestiti/top-e-t-shirt/t-shirt/t-shirt-a-maniche-lunghe/2906329055-teeshirt-manches-longues,T-shirts,T-shirts manches longues,13.0,XS,3,"NOIR, BLANC",41,0.0
133,Adidas bÃ©bÃ© fille pointure 19 neuves,https://www.vinted.fr/enfants/filles/chaussures/chaussures-bebe/2861637015-adidas-bebe-fille-pointure-19-neuves,Chaussures,Chaussures bÃ©bÃ©,9.0,19,5,MULTICOLORE,425,0.0
134,Crampon adidas,https://www.vinted.fr/hommes/chaussures/chaussures-de-sport/chaussures-de-foot/2909890015-crampon-adidas,Chaussures de sport,Chaussures de foot,15.0,42,3,"NOIR, ORANGE",109,8.0
135,Baskets Stan Smith,https://www.vinted.fr/women/shoes/trainers/2917614822-baskets-stan-smith,Chaussures,Baskets,55.0,40.5,3,"VERT, BLANC",1,0.0
136,Sweat Adidas rÃ©tro / vintage homme gris taille S,https://www.vinted.fr/hommes/vetements/sweats-and-pulls-1811/2749120775-sweat-adidas-retro-vintage-homme-gris-taille-s,Sweats & pulls,Sweats,20.0,S,3,GRIS,144,10.0
137,Pull adidas,https://www.vinted.fr/men/clothes/activewear/hoodies-and-sweatshirts/2905270281-pull-adidas,VÃªtements de sport & accessoires,Pulls & sweats,25.0,S,4,CRÃˆME,77,1.0
138,Adidas nizza,https://www.vinted.fr/femmes/chaussures/baskets-2632/2878841528-adidas-nizza,Chaussures,Baskets,25.0,38.5,3,NOIR,60,5.0
139,Pull Adidas BrodÃ©,https://www.vinted.fr/hommes/vetements/vetements-de-sport-and-accessoires/pulls-and-sweats/2905616366-pull-adidas-brode,VÃªtements de sport & accessoires,Pulls & sweats,22.0,M,3,NOIR,94,3.0
140,Ensemble adidas de survÃªtement,https://www.vinted.fr/hommes/vetements/vetements-de-sport-and-accessoires/survetements/2910561011-ensemble-adidas-de-survetement,VÃªtements de sport & accessoires,SurvÃªtements,20.0,S,3,"BLEU, TURQUOISE",40,7.0
141,yeezy 700 v3 azael,https://www.vinted.fr/hommes/chaussures/baskets/2877569331-yeezy-700-v3-azael,Chaussures,Baskets,165.0,40,4,BLANC,342,19.0
142,Adidas samba og cloud white core black,https://www.vinted.fr/femmes/chaussures/baskets-2632/2917299546-adidas-samba-og-cloud-white-core-black,Chaussures,Baskets,150.0,38,5,"NOIR, BLANC",12,1.0
143,Jogging Adidas Noir,https://www.vinted.fr/femmes/vetements/vetements-de-sport/survetements/2813316058-jogging-adidas-noir,VÃªtements de sport,SurvÃªtements,29.0,S / 36 / 8,3,NOIR,331,42.0
144,Adidas Ozelia,https://www.vinted.fr/hommes/chaussures/baskets/2907889609-adidas-ozelia,Chaussures,Baskets,80.0,44,5,"ORANGE, BLANC",119,0.0
145,Ensemble adidas noir,https://www.vinted.fr/enfants/garcons/autres/2803701842-ensemble-adidas-noir,GarÃ§ons,Autres,40.0,13 ANS / 152-158 CM,4,NOIR,78,3.0
146,Adidas cuir,https://www.vinted.fr/hommes/chaussures/chaussures-de-sport/chaussures-de-tennis/2898719460-adidas-cuir,Chaussures de sport,Chaussures de tennis,12.0,41,2,BLANC,92,0.0
147,Gilet Adidas,https://www.vinted.fr/enfants/garcons/pulls-and-sweats/gilets-zippes/2883094193-gilet-adidas,Pulls & sweats,Gilets zippÃ©s,13.0,16 ANS / 170-176 CM,4,"NOIR, ORANGE",53,0.0
148,Maillot de foot Japon,https://www.vinted.fr/hommes/vetements/vetements-de-sport-and-accessoires/hauts-and-t-shirts/2908005887-maillot-de-foot-japon,VÃªtements de sport & accessoires,Hauts & t-shirts,40.0,L,5,MULTICOLORE,278,7.0
149,Chaussure adidas homme,https://www.vinted.fr/hommes/chaussures/chaussures-habillees/chaussures-a-lacets/2904594972-chaussure-adidas-homme,Chaussures habillÃ©es,Chaussures Ã  lacets,7.0,44,2,BLEU,88,0.0
150,Sweat Ã  capuche Adidas femme bleu style rÃ©tro taille S,https://www.vinted.fr/femmes/vetements/sweats-and-sweats-a-capuche-196/2906924645-sweat-a-capuche-adidas-femme-bleu-style-retro-taille-s,Sweats et sweats Ã  capuche,Sweats & sweats Ã  capuche,11.0,S / 36 / 8,3,BLEU,176,4.0
151,Veste Polaire sans manche adidas RÃ©versible,https://www.vinted.fr/hommes/vetements/manteaux-and-vestes/vestes-sans-manches/2914657601-veste-polaire-sans-manche-adidas-reversible,Manteaux & vestes,Vestes sans manches,35.0,M,3,"BEIGE, BLEU",54,7.0
152,hoodie adidas adventure,https://www.vinted.fr/hommes/vetements/sweats-and-pulls-1811/2912610067-hoodie-adidas-adventure,Sweats & pulls,Sweats,19.0,S,4,"JAUNE, MARINE",44,1.0
153,Short Adidas 12 ans parfait Ã©tat,https://www.vinted.fr/enfants/garcons/pantalons-and-shorts/shorts-et-pantacourts/2914118390-short-adidas-12-ans-parfait-etat,Pantalons & shorts,Shorts et pantacourts,15.0,12 ANS / 146-152 CM,3,GRIS,18,3.0
154,Adidas trÃ¨s bon Ã©tat pointure 42,https://www.vinted.fr/hommes/chaussures/baskets/2915509270-adidas-tres-bon-etat-pointure-42,Chaussures,Baskets,39.0,42,3,NOIR,43,0.0
155,Messi argentine,https://www.vinted.fr/hommes/vetements/vetements-de-sport-and-accessoires/hauts-and-t-shirts/2898191716-messi-argentine,VÃªtements de sport & accessoires,Hauts & t-shirts,40.0,M,5,"BLEU, BLANC",74,0.0
156,Basket taille 22,https://www.vinted.fr/enfants/garcons/chaussures/chaussures-bebe/2794474736-basket-taille-22,Chaussures,Chaussures bÃ©bÃ©,10.0,22,2,NOIR,192,3.0
157,Adidas white samba OG taille 42,https://www.vinted.fr/hommes/chaussures/baskets/2912097964-adidas-white-samba-og-taille-42,Chaussures,Baskets,110.0,42,5,BLANC,183,2.0
158,Emsemble,https://www.vinted.fr/enfants/garcons/autres/2840022823-emsemble,GarÃ§ons,Autres,8.0,10 ANS / 134-140 CM,3,"NOIR, GRIS",48,1.0
159,Jogging Juventus neuf,https://www.vinted.fr/hommes/vetements/vetements-de-sport-and-accessoires/survetements/2892656203-jogging-juventus-neuf,VÃªtements de sport & accessoires,SurvÃªtements,30.0,S,3,"NOIR, GRIS",47,4.0
160,Addidas Ozweego,https://www.vinted.fr/hommes/chaussures/baskets/2905654410-addidas-ozweego,Chaussures,Baskets,45.0,44,4,TURQUOISE,39,3.0
161,Baskets bÃ©bÃ© fille adidas minnie,https://www.vinted.fr/enfants/filles/chaussures/baskets/baskets-a-scratch/2824439674-baskets-bebe-fille-adidas-minnie,Baskets,Baskets Ã  scratch,15.0,19,3,"ROUGE, BLANC",176,15.0
162,Survet gris adidas,https://www.vinted.fr/femmes/vetements/vetements-de-sport/survetements/2886577844-survet-gris-adidas,VÃªtements de sport,SurvÃªtements,3.5,XS / 34 / 6,2,GRIS,140,13.0
163,Ensemble survÃªtement Adidas neuf,https://www.vinted.fr/enfants/garcons/vetements-de-sport/2906276734-ensemble-survetement-adidas-neuf,GarÃ§ons,VÃªtements de sport,39.0,14 ANS / 158-164 CM,5,NOIR,60,3.0
164,Short Adidas Bayer Munich rÃ©tro taille XL,https://www.vinted.fr/hommes/vetements/vetements-de-sport-and-accessoires/shorts/2909016599-short-adidas-bayer-munich-retro-taille-xl,VÃªtements de sport & accessoires,Shorts,17.0,XL,3,"ROUGE, BLEU",213,14.0
165,Pull adidas rose,https://www.vinted.fr/ninos/ninas/jerseis-y-sudaderas/sudaderas/2880804765-pull-adidas-rose,Pulls & sweats,Pulls Ã  capuche & sweatshirts,12.0,13 ANS / 152-158 CM,3,ROSE,34,0.0
166,Gilet zip adidas,https://www.vinted.fr/uomo/vestiti/abbigliamento-sportivo/capispalla/2864627051-gilet-zip-adidas,VÃªtements de sport & accessoires,VÃªtements d'extÃ©rieur,10.0,S,3,"BLEU, MARINE",38,6.0
167,Jogging adidas,https://www.vinted.fr/enfants/garcons/vetements-de-sport/2906843882-jogging-adidas,GarÃ§ons,VÃªtements de sport,25.0,9-12 MOIS / 74-80 CM,4,ORANGE,16,6.0
168,Adidas trÃ¨s bon Ã©tat pointure 41,https://www.vinted.fr/hommes/chaussures/baskets/2909606465-adidas-tres-bon-etat-pointure-41,Chaussures,Baskets,39.0,41,3,BLANC,62,0.0
169,Basket continental 80 j,https://www.vinted.fr/femmes/chaussures/baskets-2632/2915161985-basket-continental-80-j,Chaussures,Baskets,35.0,37,5,BLANC,283,2.0
170,Baskets,https://www.vinted.fr/enfants/filles/chaussures/baskets/baskets-sans-lacets/2915920787-baskets,Baskets,Baskets sans lacets,25.0,35,3,"BLANC, ARGENTÃ‰",7,0.0
171,jogging adidas,https://www.vinted.fr/hommes/vetements/pantalons/jogging/2915917605-jogging-adidas,Pantalons,Jogging,30.0,S,4,ROSE,15,0.0
172,Jogging adidas vintage bleu,https://www.vinted.fr/hommes/vetements/pantalons/jogging/2917010659-jogging-adidas-vintage-bleu,Pantalons,Jogging,35.0,L,3,BLEU,38,1.0
173,Adidas campus 00s,https://www.vinted.fr/femmes/chaussures/baskets-2632/2907356219-adidas-campus-00s,Chaussures,Baskets,140.0,38,4,ROUGE,220,12.0
174,T-shirt adidas bleu,https://www.vinted.fr/hommes/vetements/vetements-de-sport-and-accessoires/hauts-and-t-shirts/2901497407-t-shirt-adidas-bleu,VÃªtements de sport & accessoires,Hauts & t-shirts,5.0,S,5,BLEU,41,1.0
175,Veste Adidas Vintage,https://www.vinted.fr/hommes/vetements/manteaux-and-vestes/vestes/vestes-coupe-vent/2903381700-veste-adidas-vintage,Vestes,Vestes coupe-vent,35.0,S,3,"BLEU, TURQUOISE",129,18.0
176,"Adidas daim noir / blanc taille 38,5",https://www.vinted.fr/femmes/chaussures/baskets-2632/2911545225-adidas-daim-noir-blanc-taille-385,Chaussures,Baskets,5.0,38.5,1,"NOIR, BLANC",99,11.0
177,Jdogging Adidas,https://www.vinted.fr/hommes/vetements/vetements-de-sport-and-accessoires/survetements/2910762666-jdogging-adidas,VÃªtements de sport & accessoires,SurvÃªtements,12.0,XS,4,"NOIR, BLANC",65,2.0
178,Maillot RÃ©al Madrid 20/21,https://www.vinted.fr/hommes/vetements/vetements-de-sport-and-accessoires/hauts-and-t-shirts/2873913647-maillot-real-madrid-2021,VÃªtements de sport & accessoires,Hauts & t-shirts,25.0,M,4,ROSE,297,23.0
179,veste Adidas femme rÃ©tro noir taille M,https://www.vinted.fr/femmes/vetements/sweats-and-sweats-a-capuche/vestes/2907337265-veste-adidas-femme-retro-noir-taille-m,Sweats et sweats Ã  capuche,Vestes,20.0,M / 38 / 10,3,NOIR,19,0.0
180,Veste adidas (H/F),https://www.vinted.fr/hommes/vetements/vetements-de-sport-and-accessoires/vetements-dexterieur/2904986339-veste-adidas-hf,VÃªtements de sport & accessoires,VÃªtements d'extÃ©rieur,4.0,S,3,"NOIR, ORANGE",89,3.0
181,Bas training Juventus,https://www.vinted.fr/hommes/vetements/vetements-de-sport-and-accessoires/survetements/2901840734-bas-training-juventus,VÃªtements de sport & accessoires,SurvÃªtements,20.0,M,4,"NOIR, ROUGE",94,4.0
182,Maillot Adidas Japon SamouraÃ¯,https://www.vinted.fr/hommes/vetements/vetements-de-sport-and-accessoires/hauts-and-t-shirts/2913528881-maillot-adidas-japon-samourai,VÃªtements de sport & accessoires,Hauts & t-shirts,34.99,S,4,"NOIR, BLANC",41,5.0
183,"Gazelles blue navy, Adidas , pointure 40",https://www.vinted.fr/hommes/chaussures/baskets/2908487798-gazelles-blue-navy-adidas-pointure-40,Chaussures,Baskets,35.0,40,3,MARINE,129,2.0
184,Jogging Adidas rose pÃ¢le,https://www.vinted.fr/mulher/roupa/activewear/fatos-de-treino/2892322631-jogging-adidas-rose-pale,VÃªtements de sport,SurvÃªtements,25.0,XS / 34 / 6,4,"BLANC, ROSE",77,11.0
185,Adidas Samba Noire Vegan,https://www.vinted.fr/femmes/chaussures/baskets-2632/2917072828-adidas-samba-noire-vegan,Chaussures,Baskets,130.0,40,5,"NOIR, MARRON",29,1.0
186,Baskets Adidas Gazelle rouge,https://www.vinted.fr/hommes/chaussures/baskets/2915365282-baskets-adidas-gazelle-rouge,Chaussures,Baskets,15.0,42.5,1,"ROUGE, BLANC",87,3.0
187,ğŸ ensemble Adidas ğŸ,https://www.vinted.fr/hommes/vetements/vetements-de-sport-and-accessoires/survetements/2902180829-ensemble-adidas,VÃªtements de sport & accessoires,SurvÃªtements,50.0,XS,3,NOIR,327,7.0
188,Veste adidas sport,https://www.vinted.fr/hommes/vetements/vetements-de-sport-and-accessoires/survetements/2916647308-veste-adidas-sport,VÃªtements de sport & accessoires,SurvÃªtements,39.0,M,3,"ROUGE, BLANC",22,1.0
189,Sweat Adidas Vintage,https://www.vinted.fr/hommes/vetements/sweats-and-pulls-1811/2903341239-sweat-adidas-vintage,Sweats & pulls,Sweats,30.0,XL,3,"NOIR, BLANC",169,27.0
190,Baskets adidas,https://www.vinted.fr/enfants/garcons/chaussures/baskets/baskets-a-lacets/2907632936-baskets-adidas,Baskets,Baskets Ã  lacets,7.0,33,3,"NOIR, BLANC",35,0.0
191,Ensemble bÃ©bÃ© garÃ§on,https://www.vinted.fr/enfants/garcons/vetements-de-sport/2892342951-ensemble-bebe-garcon,GarÃ§ons,VÃªtements de sport,7.0,6-9 MOIS / 68-74 CM,3,"NOIR, GRIS",57,5.0
192,SurvÃªtement du Bayern,https://www.vinted.fr/hommes/vetements/vetements-de-sport-and-accessoires/survetements/2904568964-survetement-du-bayern,VÃªtements de sport & accessoires,SurvÃªtements,20.0,XS,3,NOIR,99,2.0
193,Sneakers / basket Adidas Yung-1 gris clair et abricot taille 38 2/3 femme,https://www.vinted.fr/femmes/chaussures/baskets-2632/2906950827-sneakers-basket-adidas-yung-1-gris-clair-et-abricot-taille-38-23-femme,Chaussures,Baskets,49.0,38,5,"GRIS, ABRICOT",168,5.0
194,Sweat Adidas,https://www.vinted.fr/hommes/vetements/sweats-and-pulls-1811/2917539320-sweat-adidas,Sweats & pulls,Sweats,35.0,L,3,BORDEAUX,2,0.0
195,Ensemble Adidas firebird,https://www.vinted.fr/hommes/vetements/vetements-de-sport-and-accessoires/survetements/2905954609-ensemble-adidas-firebird,VÃªtements de sport & accessoires,SurvÃªtements,100.0,S,5,ROUGE,173,5.0
196,Maillot france Zidane coupe du monde 2006,https://www.vinted.fr/hommes/vetements/vetements-de-sport-and-accessoires/hauts-and-t-shirts/2896973886-maillot-france-zidane-coupe-du-monde-2006,VÃªtements de sport & accessoires,Hauts & t-shirts,65.0,M,3,BLEU,289,4.0
197,Ensemble addidas,https://www.vinted.fr/hommes/vetements/vetements-de-sport-and-accessoires/survetements/2915744203-ensemble-addidas,VÃªtements de sport & accessoires,SurvÃªtements,20.0,L,5,MARINE,67,1.0
198,Basket,https://www.vinted.fr/enfants/filles/chaussures/baskets/baskets-a-lacets/2908583813-basket,Baskets,Baskets Ã  lacets,8.0,28,2,GRIS,37,0.0
199,Jogging gris et rose,https://www.vinted.fr/femmes/vetements/vetements-de-sport/survetements/2874025622-jogging-gris-et-rose,VÃªtements de sport,SurvÃªtements,5.0,AUTRE,3,"GRIS, ROSE",89,3.0
200,Hoodie Adidas Noir,https://www.vinted.fr/hommes/vetements/sweats-and-pulls/pulls-et-pulls-a-capuche/2677267366-hoodie-adidas-noir,Sweats & pulls,Pulls et pulls Ã  capuche,19.0,L,1,NOIR,182,26.0
201,Pull adidas 4ans,https://www.vinted.fr/enfants/filles/pulls-and-sweats-1542/2585569487-pull-adidas-4ans,Pulls & sweats,Pulls,3.0,4 ANS / 98-104 CM,2,ROUGE,98,1.0
202,Adidas Retropy F2,https://www.vinted.fr/hommes/chaussures/baskets/2872023209-adidas-retropy-f2,Chaussures,Baskets,50.0,45.5,4,"BLEU, VERT",73,1.0
203,Teeshirt manches longues,https://www.vinted.fr/uomo/vestiti/top-e-t-shirt/t-shirt/t-shirt-a-maniche-lunghe/2906329055-teeshirt-manches-longues,T-shirts,T-shirts manches longues,13.0,XS,3,"NOIR, BLANC",41,0.0
204,Adidas bÃ©bÃ© fille pointure 19 neuves,https://www.vinted.fr/enfants/filles/chaussures/chaussures-bebe/2861637015-adidas-bebe-fille-pointure-19-neuves,Chaussures,Chaussures bÃ©bÃ©,9.0,19,5,MULTICOLORE,425,0.0
205,Crampon adidas,https://www.vinted.fr/hommes/chaussures/chaussures-de-sport/chaussures-de-foot/2909890015-crampon-adidas,Chaussures de sport,Chaussures de foot,15.0,42,3,"NOIR, ORANGE",109,8.0
206,Baskets Stan Smith,https://www.vinted.fr/women/shoes/trainers/2917614822-baskets-stan-smith,Chaussures,Baskets,55.0,40.5,3,"VERT, BLANC",1,0.0
207,Sweat Adidas rÃ©tro / vintage homme gris taille S,https://www.vinted.fr/hommes/vetements/sweats-and-pulls-1811/2749120775-sweat-adidas-retro-vintage-homme-gris-taille-s,Sweats & pulls,Sweats,20.0,S,3,GRIS,144,10.0
208,Pull adidas,https://www.vinted.fr/men/clothes/activewear/hoodies-and-sweatshirts/2905270281-pull-adidas,VÃªtements de sport & accessoires,Pulls & sweats,25.0,S,4,CRÃˆME,77,1.0
209,Adidas nizza,https://www.vinted.fr/femmes/chaussures/baskets-2632/2878841528-adidas-nizza,Chaussures,Baskets,25.0,38.5,3,NOIR,60,5.0
210,Pull Adidas BrodÃ©,https://www.vinted.fr/hommes/vetements/vetements-de-sport-and-accessoires/pulls-and-sweats/2905616366-pull-adidas-brode,VÃªtements de sport & accessoires,Pulls & sweats,22.0,M,3,NOIR,94,3.0
211,Ensemble adidas de survÃªtement,https://www.vinted.fr/hommes/vetements/vetements-de-sport-and-accessoires/survetements/2910561011-ensemble-adidas-de-survetement,VÃªtements de sport & accessoires,SurvÃªtements,20.0,S,3,"BLEU, TURQUOISE",41,7.0
212,yeezy 700 v3 azael,https://www.vinted.fr/hommes/chaussures/baskets/2877569331-yeezy-700-v3-azael,Chaussures,Baskets,165.0,40,4,BLANC,342,19.0
213,Adidas samba og cloud white core black,https://www.vinted.fr/femmes/chaussures/baskets-2632/2917299546-adidas-samba-og-cloud-white-core-black,Chaussures,Baskets,150.0,38,5,"NOIR, BLANC",12,1.0
214,Jogging Adidas Noir,https://www.vinted.fr/femmes/vetements/vetements-de-sport/survetements/2813316058-jogging-adidas-noir,VÃªtements de sport,SurvÃªtements,29.0,S / 36 / 8,3,NOIR,331,42.0
215,Adidas Ozelia,https://www.vinted.fr/hommes/chaussures/baskets/2907889609-adidas-ozelia,Chaussures,Baskets,80.0,44,5,"ORANGE, BLANC",119,0.0
216,Ensemble adidas noir,https://www.vinted.fr/enfants/garcons/autres/2803701842-ensemble-adidas-noir,GarÃ§ons,Autres,40.0,13 ANS / 152-158 CM,4,NOIR,78,3.0
217,Adidas cuir,https://www.vinted.fr/hommes/chaussures/chaussures-de-sport/chaussures-de-tennis/2898719460-adidas-cuir,Chaussures de sport,Chaussures de tennis,12.0,41,2,BLANC,92,0.0
218,Gilet Adidas,https://www.vinted.fr/enfants/garcons/pulls-and-sweats/gilets-zippes/2883094193-gilet-adidas,Pulls & sweats,Gilets zippÃ©s,13.0,16 ANS / 170-176 CM,4,"NOIR, ORANGE",54,0.0
219,Maillot de foot Japon,https://www.vinted.fr/hommes/vetements/vetements-de-sport-and-accessoires/hauts-and-t-shirts/2908005887-maillot-de-foot-japon,VÃªtements de sport & accessoires,Hauts & t-shirts,40.0,L,5,MULTICOLORE,279,7.0
220,Chaussure adidas homme,https://www.vinted.fr/hommes/chaussures/chaussures-habillees/chaussures-a-lacets/2904594972-chaussure-adidas-homme,Chaussures habillÃ©es,Chaussures Ã  lacets,7.0,44,2,BLEU,88,0.0
221,Sweat Ã  capuche Adidas femme bleu style rÃ©tro taille S,https://www.vinted.fr/femmes/vetements/sweats-and-sweats-a-capuche-196/2906924645-sweat-a-capuche-adidas-femme-bleu-style-retro-taille-s,Sweats et sweats Ã  capuche,Sweats & sweats Ã  capuche,11.0,S / 36 / 8,3,BLEU,176,4.0
222,Veste Polaire sans manche adidas RÃ©versible,https://www.vinted.fr/hommes/vetements/manteaux-and-vestes/vestes-sans-manches/2914657601-veste-polaire-sans-manche-adidas-reversible,Manteaux & vestes,Vestes sans manches,35.0,M,3,"BEIGE, BLEU",54,7.0
223,hoodie adidas adventure,https://www.vinted.fr/hommes/vetements/sweats-and-pulls-1811/2912610067-hoodie-adidas-adventure,Sweats & pulls,Sweats,19.0,S,4,"JAUNE, MARINE",44,1.0
224,Short Adidas 12 ans parfait Ã©tat,https://www.vinted.fr/enfants/garcons/pantalons-and-shorts/shorts-et-pantacourts/2914118390-short-adidas-12-ans-parfait-etat,Pantalons & shorts,Shorts et pantacourts,15.0,12 ANS / 146-152 CM,3,GRIS,18,3.0
225,Adidas trÃ¨s bon Ã©tat pointure 42,https://www.vinted.fr/hommes/chaussures/baskets/2915509270-adidas-tres-bon-etat-pointure-42,Chaussures,Baskets,39.0,42,3,NOIR,43,0.0
226,Messi argentine,https://www.vinted.fr/hommes/vetements/vetements-de-sport-and-accessoires/hauts-and-t-shirts/2898191716-messi-argentine,VÃªtements de sport & accessoires,Hauts & t-shirts,40.0,M,5,"BLEU, BLANC",74,0.0
227,Basket taille 22,https://www.vinted.fr/enfants/garcons/chaussures/chaussures-bebe/2794474736-basket-taille-22,Chaussures,Chaussures bÃ©bÃ©,10.0,22,2,NOIR,192,3.0
228,Ensemble adidas,https://www.vinted.fr/enfants/garcons/vetements-de-sport/2916038690-ensemble-adidas,GarÃ§ons,VÃªtements de sport,8.0,11 ANS / 140-146 CM,3,MARINE,20,0.0
229,Baskets adidas garÃ§on 24,https://www.vinted.fr/enfants/garcons/chaussures/chaussures-de-sport/chaussures-de-course/2911775565-baskets-adidas-garcon-24,Chaussures de sport,Chaussures de course,15.0,24,3,"VERT, BLANC",115,3.0
230,Adidas Campus 00s,https://www.vinted.fr/heren/schoenen/sneakers/2915972081-adidas-campus-00s,Chaussures,Baskets,130.0,42.5,5,"VERT, VERT FONCÃ‰",33,2.0
231,Sweat capuche,https://www.vinted.fr/femmes/vetements/sweats-and-sweats-a-capuche-196/2917370302-sweat-capuche,Sweats et sweats Ã  capuche,Sweats & sweats Ã  capuche,20.0,XXS / 32 / 4,3,"NOIR, ROSE",1,1.0
232,Veste Adidas Vintage,https://www.vinted.fr/hommes/vetements/manteaux-and-vestes/vestes/vestes-coupe-vent/2903372364-veste-adidas-vintage,Vestes,Vestes coupe-vent,35.0,S,3,"NOIR, ROUGE",86,9.0
233,Baskets Adidas Stan Smith enfants,https://www.vinted.fr/enfants/garcons/chaussures/baskets/baskets-a-scratch/2900104625-baskets-adidas-stan-smith-enfants,Baskets,Baskets Ã  scratch,15.0,28,1,BLANC,142,3.0
234,Jogging Adidas taille S,https://www.vinted.fr/hommes/vetements/vetements-de-sport-and-accessoires/survetements/2915797405-jogging-adidas-taille-s,VÃªtements de sport & accessoires,SurvÃªtements,15.0,S,3,NOIR,16,6.0
235,Crampons adidas,https://www.vinted.fr/men/shoes/sports-shoes/football-boots/2907676002-crampons-adidas,Chaussures de sport,Chaussures de foot,110.0,44,3,BLANC,550,11.0
236,Chaussure adidas,https://www.vinted.fr/hommes/chaussures/baskets/2903200166-chaussure-adidas,Chaussures,Baskets,15.0,41,2,"NOIR, BLANC",67,5.0
237,Ensemble adidas,https://www.vinted.fr/enfants/garcons/vetements-de-sport/2845096402-ensemble-adidas,GarÃ§ons,VÃªtements de sport,20.0,12 ANS / 146-152 CM,3,"NOIR, GRIS",39,7.0
238,Maillot officiel Argentine 3 Ã©toiles Messi 2022 / official Argentina 3 star World cup Messi,https://www.vinted.fr/hommes/vetements/vetements-de-sport-and-accessoires/hauts-and-t-shirts/2902892467-maillot-officiel-argentine-3-etoiles-messi-2022-official-argentina-3-star-world-cup-messi,VÃªtements de sport & accessoires,Hauts & t-shirts,50.0,M,5,"BLEU, BLANC",363,9.0
239,Adidas trÃ¨s bon Ã©tat pointure 42,https://www.vinted.fr/hommes/chaussures/baskets/2909135730-adidas-tres-bon-etat-pointure-42,Chaussures,Baskets,39.0,42,3,NOIR,181,1.0
240,Short adidas,https://www.vinted.fr/enfants/garcons/vetements-de-sport/2891291477-short-adidas,GarÃ§ons,VÃªtements de sport,5.0,11 ANS / 140-146 CM,3,"NOIR, BLANC",61,1.0
241,Tee shirt garÃ§on en taille 8; ans de la marque Adidas,https://www.vinted.fr/enfants/garcons/chemises-and-t-shirts/t-shirts/2829422263-tee-shirt-garcon-en-taille-8-ans-de-la-marque-adidas,Chemises & t-shirts,T-shirts,3.0,8 ANS / 122-128 CM,3,"NOIR, ROUGE",26,2.0
242,jogging adidas,https://www.vinted.fr/hommes/vetements/pantalons/jogging/2915917605-jogging-adidas,Pantalons,Jogging,30.0,S,4,ROSE,15,0.0
243,Jogging adidas vintage bleu,https://www.vinted.fr/hommes/vetements/pantalons/jogging/2917010659-jogging-adidas-vintage-bleu,Pantalons,Jogging,35.0,L,3,BLEU,38,1.0
244,Adidas campus 00s,https://www.vinted.fr/femmes/chaussures/baskets-2632/2907356219-adidas-campus-00s,Chaussures,Baskets,140.0,38,4,ROUGE,220,12.0
245,T-shirt adidas bleu,https://www.vinted.fr/hommes/vetements/vetements-de-sport-and-accessoires/hauts-and-t-shirts/2901497407-t-shirt-adidas-bleu,VÃªtements de sport & accessoires,Hauts & t-shirts,5.0,S,5,BLEU,41,1.0
246,Veste Adidas Vintage,https://www.vinted.fr/hommes/vetements/manteaux-and-vestes/vestes/vestes-coupe-vent/2903381700-veste-adidas-vintage,Vestes,Vestes coupe-vent,35.0,S,3,"BLEU, TURQUOISE",129,18.0
247,"Adidas daim noir / blanc taille 38,5",https://www.vinted.fr/femmes/chaussures/baskets-2632/2911545225-adidas-daim-noir-blanc-taille-385,Chaussures,Baskets,5.0,38.5,1,"NOIR, BLANC",99,11.0
248,Jdogging Adidas,https://www.vinted.fr/hommes/vetements/vetements-de-sport-and-accessoires/survetements/2910762666-jdogging-adidas,VÃªtements de sport & accessoires,SurvÃªtements,12.0,XS,4,"NOIR, BLANC",65,2.0
249,Maillot RÃ©al Madrid 20/21,https://www.vinted.fr/hommes/vetements/vetements-de-sport-and-accessoires/hauts-and-t-shirts/2873913647-maillot-real-madrid-2021,VÃªtements de sport & accessoires,Hauts & t-shirts,25.0,M,4,ROSE,297,23.0
250,veste Adidas femme rÃ©tro noir taille M,https://www.vinted.fr/femmes/vetements/sweats-and-sweats-a-capuche/vestes/2907337265-veste-adidas-femme-retro-noir-taille-m,Sweats et sweats Ã  capuche,Vestes,20.0,M / 38 / 10,3,NOIR,19,0.0
251,Veste adidas (H/F),https://www.vinted.fr/hommes/vetements/vetements-de-sport-and-accessoires/vetements-dexterieur/2904986339-veste-adidas-hf,VÃªtements de sport & accessoires,VÃªtements d'extÃ©rieur,4.0,S,3,"NOIR, ORANGE",89,3.0
252,Bas training Juventus,https://www.vinted.fr/hommes/vetements/vetements-de-sport-and-accessoires/survetements/2901840734-bas-training-juventus,VÃªtements de sport & accessoires,SurvÃªtements,20.0,M,4,"NOIR, ROUGE",95,4.0
253,Maillot Adidas Japon SamouraÃ¯,https://www.vinted.fr/hommes/vetements/vetements-de-sport-and-accessoires/hauts-and-t-shirts/2913528881-maillot-adidas-japon-samourai,VÃªtements de sport & accessoires,Hauts & t-shirts,34.99,S,4,"NOIR, BLANC",41,5.0
254,"Gazelles blue navy, Adidas , pointure 40",https://www.vinted.fr/hommes/chaussures/baskets/2908487798-gazelles-blue-navy-adidas-pointure-40,Chaussures,Baskets,35.0,40,3,MARINE,129,2.0
255,Jogging Adidas rose pÃ¢le,https://www.vinted.fr/mulher/roupa/activewear/fatos-de-treino/2892322631-jogging-adidas-rose-pale,VÃªtements de sport,SurvÃªtements,25.0,XS / 34 / 6,4,"BLANC, ROSE",77,11.0
256,Adidas Samba Noire Vegan,https://www.vinted.fr/femmes/chaussures/baskets-2632/2917072828-adidas-samba-noire-vegan,Chaussures,Baskets,130.0,40,5,"NOIR, MARRON",29,1.0
257,Baskets Adidas Gazelle rouge,https://www.vinted.fr/hommes/chaussures/baskets/2915365282-baskets-adidas-gazelle-rouge,Chaussures,Baskets,15.0,42.5,1,"ROUGE, BLANC",88,3.0
258,ğŸ ensemble Adidas ğŸ,https://www.vinted.fr/hommes/vetements/vetements-de-sport-and-accessoires/survetements/2902180829-ensemble-adidas,VÃªtements de sport & accessoires,SurvÃªtements,50.0,XS,3,NOIR,328,7.0
259,Veste adidas sport,https://www.vinted.fr/hommes/vetements/vetements-de-sport-and-accessoires/survetements/2916647308-veste-adidas-sport,VÃªtements de sport & accessoires,SurvÃªtements,39.0,M,3,"ROUGE, BLANC",22,1.0
260,Sweat Adidas Vintage,https://www.vinted.fr/hommes/vetements/sweats-and-pulls-1811/2903341239-sweat-adidas-vintage,Sweats & pulls,Sweats,30.0,XL,3,"NOIR, BLANC",169,27.0
261,Baskets adidas,https://www.vinted.fr/enfants/garcons/chaussures/baskets/baskets-a-lacets/2907632936-baskets-adidas,Baskets,Baskets Ã  lacets,7.0,33,3,"NOIR, BLANC",36,0.0
262,Ensemble bÃ©bÃ© garÃ§on,https://www.vinted.fr/enfants/garcons/vetements-de-sport/2892342951-ensemble-bebe-garcon,GarÃ§ons,VÃªtements de sport,7.0,6-9 MOIS / 68-74 CM,3,"NOIR, GRIS",57,5.0
263,SurvÃªtement du Bayern,https://www.vinted.fr/hommes/vetements/vetements-de-sport-and-accessoires/survetements/2904568964-survetement-du-bayern,VÃªtements de sport & accessoires,SurvÃªtements,20.0,XS,3,NOIR,99,2.0
264,Sneakers / basket Adidas Yung-1 gris clair et abricot taille 38 2/3 femme,https://www.vinted.fr/femmes/chaussures/baskets-2632/2906950827-sneakers-basket-adidas-yung-1-gris-clair-et-abricot-taille-38-23-femme,Chaussures,Baskets,49.0,38,5,"GRIS, ABRICOT",168,5.0
265,Sweat Adidas,https://www.vinted.fr/hommes/vetements/sweats-and-pulls-1811/2917539320-sweat-adidas,Sweats & pulls,Sweats,35.0,L,3,BORDEAUX,3,0.0
266,Ensemble Adidas firebird,https://www.vinted.fr/hommes/vetements/vetements-de-sport-and-accessoires/survetements/2905954609-ensemble-adidas-firebird,VÃªtements de sport & accessoires,SurvÃªtements,100.0,S,5,ROUGE,173,5.0
267,Maillot france Zidane coupe du monde 2006,https://www.vinted.fr/hommes/vetements/vetements-de-sport-and-accessoires/hauts-and-t-shirts/2896973886-maillot-france-zidane-coupe-du-monde-2006,VÃªtements de sport & accessoires,Hauts & t-shirts,65.0,M,3,BLEU,289,4.0
268,Ensemble addidas,https://www.vinted.fr/hommes/vetements/vetements-de-sport-and-accessoires/survetements/2915744203-ensemble-addidas,VÃªtements de sport & accessoires,SurvÃªtements,20.0,L,5,MARINE,67,1.0
269,Basket,https://www.vinted.fr/enfants/filles/chaussures/baskets/baskets-a-lacets/2908583813-basket,Baskets,Baskets Ã  lacets,8.0,28,2,GRIS,37,0.0
270,Jogging gris et rose,https://www.vinted.fr/femmes/vetements/vetements-de-sport/survetements/2874025622-jogging-gris-et-rose,VÃªtements de sport,SurvÃªtements,5.0,AUTRE,3,"GRIS, ROSE",89,3.0
271,Hoodie Adidas Noir,https://www.vinted.fr/hommes/vetements/sweats-and-pulls/pulls-et-pulls-a-capuche/2677267366-hoodie-adidas-noir,Sweats & pulls,Pulls et pulls Ã  capuche,19.0,L,1,NOIR,182,26.0
272,Pull adidas 4ans,https://www.vinted.fr/enfants/filles/pulls-and-sweats-1542/2585569487-pull-adidas-4ans,Pulls & sweats,Pulls,3.0,4 ANS / 98-104 CM,2,ROUGE,98,1.0
273,Adidas Retropy F2,https://www.vinted.fr/hommes/chaussures/baskets/2872023209-adidas-retropy-f2,Chaussures,Baskets,50.0,45.5,4,"BLEU, VERT",73,1.0
274,Teeshirt manches longues,https://www.vinted.fr/uomo/vestiti/top-e-t-shirt/t-shirt/t-shirt-a-maniche-lunghe/2906329055-teeshirt-manches-longues,T-shirts,T-shirts manches longues,13.0,XS,3,"NOIR, BLANC",41,0.0
275,Adidas bÃ©bÃ© fille pointure 19 neuves,https://www.vinted.fr/enfants/filles/chaussures/chaussures-bebe/2861637015-adidas-bebe-fille-pointure-19-neuves,Chaussures,Chaussures bÃ©bÃ©,9.0,19,5,MULTICOLORE,426,0.0
276,Crampon adidas,https://www.vinted.fr/hommes/chaussures/chaussures-de-sport/chaussures-de-foot/2909890015-crampon-adidas,Chaussures de sport,Chaussures de foot,15.0,42,3,"NOIR, ORANGE",109,8.0
277,Baskets Stan Smith,https://www.vinted.fr/women/shoes/trainers/2917614822-baskets-stan-smith,Chaussures,Baskets,55.0,40.5,3,"VERT, BLANC",1,0.0
278,Sweat Adidas rÃ©tro / vintage homme gris taille S,https://www.vinted.fr/hommes/vetements/sweats-and-pulls-1811/2749120775-sweat-adidas-retro-vintage-homme-gris-taille-s,Sweats & pulls,Sweats,20.0,S,3,GRIS,144,10.0
279,Pull adidas,https://www.vinted.fr/men/clothes/activewear/hoodies-and-sweatshirts/2905270281-pull-adidas,VÃªtements de sport & accessoires,Pulls & sweats,25.0,S,4,CRÃˆME,77,1.0
280,Adidas nizza,https://www.vinted.fr/femmes/chaussures/baskets-2632/2878841528-adidas-nizza,Chaussures,Baskets,25.0,38.5,3,NOIR,60,5.0
281,Pull Adidas BrodÃ©,https://www.vinted.fr/hommes/vetements/vetements-de-sport-and-accessoires/pulls-and-sweats/2905616366-pull-adidas-brode,VÃªtements de sport & accessoires,Pulls & sweats,22.0,M,3,NOIR,94,3.0
282,Ensemble adidas de survÃªtement,https://www.vinted.fr/hommes/vetements/vetements-de-sport-and-accessoires/survetements/2910561011-ensemble-adidas-de-survetement,VÃªtements de sport & accessoires,SurvÃªtements,20.0,S,3,"BLEU, TURQUOISE",41,7.0
283,yeezy 700 v3 azael,https://www.vinted.fr/hommes/chaussures/baskets/2877569331-yeezy-700-v3-azael,Chaussures,Baskets,165.0,40,4,BLANC,343,19.0
284,ğŸ ensemble Adidas ğŸ,https://www.vinted.fr/femmes/vetements/vetements-de-sport/survetements/2914484992-ensemble-adidas,VÃªtements de sport,SurvÃªtements,45.0,S / 36 / 8,3,ROUGE,182,5.0
285,Adidas Forum Bold,https://www.vinted.fr/enfants/filles/chaussures/baskets/baskets-a-lacets/2869683676-adidas-forum-bold,Baskets,Baskets Ã  lacets,40.0,38,2,"BLANC, ROSE",68,1.0
286,Veste Adidas,https://www.vinted.fr/hommes/vetements/vetements-de-sport-and-accessoires/pulls-and-sweats/2909853211-veste-adidas,VÃªtements de sport & accessoires,Pulls & sweats,28.0,M,3,"BLEU, CRÃˆME",77,0.0
287,2 survÃªtement garÃ§on,https://www.vinted.fr/enfants/garcons/vetements-de-sport/2874907386-2-survetement-garcon,GarÃ§ons,VÃªtements de sport,12.0,3-6 MOIS / 62-68 CM,3,"NOIR, MULTICOLORE",29,1.0
288,Sweat Adidas Vintage,https://www.vinted.fr/hommes/vetements/sweats-and-pulls-1811/2903317697-sweat-adidas-vintage,Sweats & pulls,Sweats,35.0,L,3,GRIS,97,11.0
289,Maillot de football AlgÃ©rie,https://www.vinted.fr/hommes/vetements/vetements-de-sport-and-accessoires/autres/2889553231-maillot-de-football-algerie,VÃªtements de sport & accessoires,Autres,15.0,S,1,"VERT, BLANC",52,1.0
290,Veste adidas,https://www.vinted.fr/enfants/filles/pulls-and-sweats/gilets-zippes/2876539291-veste-adidas,Pulls & sweats,Gilets zippÃ©s,5.0,18-24 MOIS / 86-92 CM,3,ROSE,62,8.0
291,Ensemble de jogging Adidas femme taille S,https://www.vinted.fr/femmes/vetements/vetements-de-sport/survetements/2911604174-ensemble-de-jogging-adidas-femme-taille-s,VÃªtements de sport,SurvÃªtements,38.0,S / 36 / 8,3,"NOIR, BLANC",238,2.0
292,Adidas - Jogging rouge,https://www.vinted.fr/femmes/vetements/vetements-de-sport/survetements/2531111565-adidas-jogging-rouge,VÃªtements de sport,SurvÃªtements,65.0,XXS / 32 / 4,4,"ROUGE, BLANC",15,0.0
293,Ensemble Adidas,https://www.vinted.fr/enfants/garcons/vetements-de-sport/2831608687-ensemble-adidas,GarÃ§ons,VÃªtements de sport,9.0,1-3 MOIS / 56-62 CM,3,BLEU,56,6.0
294,Tee shirt adidas,https://www.vinted.fr/femmes/vetements/hauts-and-t-shirts/t-shirts/2917289084-tee-shirt-adidas,Hauts et t-shirts,T-shirts,10.0,M / 38 / 10,3,ROUGE,1,2.0
295,Adidas bon Ã©tat pointure 42,https://www.vinted.fr/hommes/chaussures/baskets/2909629285-adidas-bon-etat-pointure-42,Chaussures,Baskets,39.0,42,2,BLANC,136,2.0
296,Veste type k-way adidas,https://www.vinted.fr/hommes/vetements/vetements-de-sport-and-accessoires/survetements/2140985083-veste-type-k-way-adidas,VÃªtements de sport & accessoires,SurvÃªtements,7.0,S,3,"NOIR, ROUGE",237,1.0
297,SurvÃªtement de la Juventus,https://www.vinted.fr/hommes/vetements/vetements-de-sport-and-accessoires/survetements/2900093935-survetement-de-la-juventus,VÃªtements de sport & accessoires,SurvÃªtements,20.0,S,3,"GRIS, BLANC",91,2.0
298,Ensemble adidas,https://www.vinted.fr/enfants/garcons/vetements-de-sport/2916038690-ensemble-adidas,GarÃ§ons,VÃªtements de sport,8.0,11 ANS / 140-146 CM,3,MARINE,20,0.0
299,Baskets adidas garÃ§on 24,https://www.vinted.fr/enfants/garcons/chaussures/chaussures-de-sport/chaussures-de-course/2911775565-baskets-adidas-garcon-24,Chaussures de sport,Chaussures de course,15.0,24,3,"VERT, BLANC",115,3.0
300,Adidas Campus 00s,https://www.vinted.fr/heren/schoenen/sneakers/2915972081-adidas-campus-00s,Chaussures,Baskets,130.0,42.5,5,"VERT, VERT FONCÃ‰",33,3.0
301,Sweat capuche,https://www.vinted.fr/femmes/vetements/sweats-and-sweats-a-capuche-196/2917370302-sweat-capuche,Sweats et sweats Ã  capuche,Sweats & sweats Ã  capuche,20.0,XXS / 32 / 4,3,"NOIR, ROSE",1,1.0
302,Veste Adidas Vintage,https://www.vinted.fr/hommes/vetements/manteaux-and-vestes/vestes/vestes-coupe-vent/2903372364-veste-adidas-vintage,Vestes,Vestes coupe-vent,35.0,S,3,"NOIR, ROUGE",86,9.0
303,Baskets Adidas Stan Smith enfants,https://www.vinted.fr/enfants/garcons/chaussures/baskets/baskets-a-scratch/2900104625-baskets-adidas-stan-smith-enfants,Baskets,Baskets Ã  scratch,15.0,28,1,BLANC,142,3.0
304,Jogging Adidas taille S,https://www.vinted.fr/hommes/vetements/vetements-de-sport-and-accessoires/survetements/2915797405-jogging-adidas-taille-s,VÃªtements de sport & accessoires,SurvÃªtements,15.0,S,3,NOIR,16,6.0
305,Crampons adidas,https://www.vinted.fr/men/shoes/sports-shoes/football-boots/2907676002-crampons-adidas,Chaussures de sport,Chaussures de foot,110.0,44,3,BLANC,550,11.0
306,Chaussure adidas,https://www.vinted.fr/hommes/chaussures/baskets/2903200166-chaussure-adidas,Chaussures,Baskets,15.0,41,2,"NOIR, BLANC",67,5.0
307,Ensemble adidas,https://www.vinted.fr/enfants/garcons/vetements-de-sport/2845096402-ensemble-adidas,GarÃ§ons,VÃªtements de sport,20.0,12 ANS / 146-152 CM,3,"NOIR, GRIS",39,7.0
308,Maillot officiel Argentine 3 Ã©toiles Messi 2022 / official Argentina 3 star World cup Messi,https://www.vinted.fr/hommes/vetements/vetements-de-sport-and-accessoires/hauts-and-t-shirts/2902892467-maillot-officiel-argentine-3-etoiles-messi-2022-official-argentina-3-star-world-cup-messi,VÃªtements de sport & accessoires,Hauts & t-shirts,50.0,M,5,"BLEU, BLANC",363,9.0
309,Adidas trÃ¨s bon Ã©tat pointure 42,https://www.vinted.fr/hommes/chaussures/baskets/2909135730-adidas-tres-bon-etat-pointure-42,Chaussures,Baskets,39.0,42,3,NOIR,182,1.0
310,Short adidas,https://www.vinted.fr/enfants/garcons/vetements-de-sport/2891291477-short-adidas,GarÃ§ons,VÃªtements de sport,5.0,11 ANS / 140-146 CM,3,"NOIR, BLANC",61,1.0
311,Tee shirt garÃ§on en taille 8; ans de la marque Adidas,https://www.vinted.fr/enfants/garcons/chemises-and-t-shirts/t-shirts/2829422263-tee-shirt-garcon-en-taille-8-ans-de-la-marque-adidas,Chemises & t-shirts,T-shirts,3.0,8 ANS / 122-128 CM,3,"NOIR, ROUGE",26,2.0
312,jogging adidas,https://www.vinted.fr/hommes/vetements/pantalons/jogging/2915917605-jogging-adidas,Pantalons,Jogging,30.0,S,4,ROSE,17,0.0
313,Jogging adidas vintage bleu,https://www.vinted.fr/hommes/vetements/pantalons/jogging/2917010659-jogging-adidas-vintage-bleu,Pantalons,Jogging,35.0,L,3,BLEU,39,1.0
314,Adidas campus 00s,https://www.vinted.fr/femmes/chaussures/baskets-2632/2907356219-adidas-campus-00s,Chaussures,Baskets,140.0,38,4,ROUGE,220,12.0
315,T-shirt adidas bleu,https://www.vinted.fr/hommes/vetements/vetements-de-sport-and-accessoires/hauts-and-t-shirts/2901497407-t-shirt-adidas-bleu,VÃªtements de sport & accessoires,Hauts & t-shirts,5.0,S,5,BLEU,41,1.0
316,Veste Adidas Vintage,https://www.vinted.fr/hommes/vetements/manteaux-and-vestes/vestes/vestes-coupe-vent/2903381700-veste-adidas-vintage,Vestes,Vestes coupe-vent,35.0,S,3,"BLEU, TURQUOISE",129,18.0
317,"Adidas daim noir / blanc taille 38,5",https://www.vinted.fr/femmes/chaussures/baskets-2632/2911545225-adidas-daim-noir-blanc-taille-385,Chaussures,Baskets,5.0,38.5,1,"NOIR, BLANC",99,11.0
318,Jdogging Adidas,https://www.vinted.fr/hommes/vetements/vetements-de-sport-and-accessoires/survetements/2910762666-jdogging-adidas,VÃªtements de sport & accessoires,SurvÃªtements,12.0,XS,4,"NOIR, BLANC",65,2.0
319,Maillot RÃ©al Madrid 20/21,https://www.vinted.fr/hommes/vetements/vetements-de-sport-and-accessoires/hauts-and-t-shirts/2873913647-maillot-real-madrid-2021,VÃªtements de sport & accessoires,Hauts & t-shirts,25.0,M,4,ROSE,297,23.0
320,veste Adidas femme rÃ©tro noir taille M,https://www.vinted.fr/femmes/vetements/sweats-and-sweats-a-capuche/vestes/2907337265-veste-adidas-femme-retro-noir-taille-m,Sweats et sweats Ã  capuche,Vestes,20.0,M / 38 / 10,3,NOIR,19,0.0
321,Veste adidas (H/F),https://www.vinted.fr/hommes/vetements/vetements-de-sport-and-accessoires/vetements-dexterieur/2904986339-veste-adidas-hf,VÃªtements de sport & accessoires,VÃªtements d'extÃ©rieur,4.0,S,3,"NOIR, ORANGE",89,3.0
322,Bas training Juventus,https://www.vinted.fr/hommes/vetements/vetements-de-sport-and-accessoires/survetements/2901840734-bas-training-juventus,VÃªtements de sport & accessoires,SurvÃªtements,20.0,M,4,"NOIR, ROUGE",95,4.0
323,Maillot Adidas Japon SamouraÃ¯,https://www.vinted.fr/hommes/vetements/vetements-de-sport-and-accessoires/hauts-and-t-shirts/2913528881-maillot-adidas-japon-samourai,VÃªtements de sport & accessoires,Hauts & t-shirts,34.99,S,4,"NOIR, BLANC",41,5.0
324,"Gazelles blue navy, Adidas , pointure 40",https://www.vinted.fr/hommes/chaussures/baskets/2908487798-gazelles-blue-navy-adidas-pointure-40,Chaussures,Baskets,35.0,40,3,MARINE,129,2.0
325,Jogging Adidas rose pÃ¢le,https://www.vinted.fr/mulher/roupa/activewear/fatos-de-treino/2892322631-jogging-adidas-rose-pale,VÃªtements de sport,SurvÃªtements,25.0,XS / 34 / 6,4,"BLANC, ROSE",77,11.0
326,Adidas Samba Noire Vegan,https://www.vinted.fr/femmes/chaussures/baskets-2632/2917072828-adidas-samba-noire-vegan,Chaussures,Baskets,130.0,40,5,"NOIR, MARRON",30,1.0
327,Baskets Adidas Gazelle rouge,https://www.vinted.fr/hommes/chaussures/baskets/2915365282-baskets-adidas-gazelle-rouge,Chaussures,Baskets,15.0,42.5,1,"ROUGE, BLANC",88,3.0
328,ğŸ ensemble Adidas ğŸ,https://www.vinted.fr/hommes/vetements/vetements-de-sport-and-accessoires/survetements/2902180829-ensemble-adidas,VÃªtements de sport & accessoires,SurvÃªtements,50.0,XS,3,NOIR,328,7.0
329,Veste adidas sport,https://www.vinted.fr/hommes/vetements/vetements-de-sport-and-accessoires/survetements/2916647308-veste-adidas-sport,VÃªtements de sport & accessoires,SurvÃªtements,39.0,M,3,"ROUGE, BLANC",22,1.0
330,Sweat Adidas Vintage,https://www.vinted.fr/hommes/vetements/sweats-and-pulls-1811/2903341239-sweat-adidas-vintage,Sweats & pulls,Sweats,30.0,XL,3,"NOIR, BLANC",170,27.0
331,Baskets adidas,https://www.vinted.fr/enfants/garcons/chaussures/baskets/baskets-a-lacets/2907632936-baskets-adidas,Baskets,Baskets Ã  lacets,7.0,33,3,"NOIR, BLANC",36,0.0
332,Ensemble bÃ©bÃ© garÃ§on,https://www.vinted.fr/enfants/garcons/vetements-de-sport/2892342951-ensemble-bebe-garcon,GarÃ§ons,VÃªtements de sport,7.0,6-9 MOIS / 68-74 CM,3,"NOIR, GRIS",58,5.0
333,SurvÃªtement du Bayern,https://www.vinted.fr/hommes/vetements/vetements-de-sport-and-accessoires/survetements/2904568964-survetement-du-bayern,VÃªtements de sport & accessoires,SurvÃªtements,20.0,XS,3,NOIR,99,2.0
334,Sneakers / basket Adidas Yung-1 gris clair et abricot taille 38 2/3 femme,https://www.vinted.fr/femmes/chaussures/baskets-2632/2906950827-sneakers-basket-adidas-yung-1-gris-clair-et-abricot-taille-38-23-femme,Chaussures,Baskets,49.0,38,5,"GRIS, ABRICOT",168,5.0
335,Sweat Adidas,https://www.vinted.fr/hommes/vetements/sweats-and-pulls-1811/2917539320-sweat-adidas,Sweats & pulls,Sweats,35.0,L,3,BORDEAUX,3,0.0
336,Ensemble Adidas firebird,https://www.vinted.fr/hommes/vetements/vetements-de-sport-and-accessoires/survetements/2905954609-ensemble-adidas-firebird,VÃªtements de sport & accessoires,SurvÃªtements,100.0,S,5,ROUGE,173,5.0
337,Maillot france Zidane coupe du monde 2006,https://www.vinted.fr/hommes/vetements/vetements-de-sport-and-accessoires/hauts-and-t-shirts/2896973886-maillot-france-zidane-coupe-du-monde-2006,VÃªtements de sport & accessoires,Hauts & t-shirts,65.0,M,3,BLEU,289,4.0
338,Ensemble addidas,https://www.vinted.fr/hommes/vetements/vetements-de-sport-and-accessoires/survetements/2915744203-ensemble-addidas,VÃªtements de sport & accessoires,SurvÃªtements,20.0,L,5,MARINE,67,1.0
339,Basket,https://www.vinted.fr/enfants/filles/chaussures/baskets/baskets-a-lacets/2908583813-basket,Baskets,Baskets Ã  lacets,8.0,28,2,GRIS,37,0.0
340,Adidas Oznova,https://www.vinted.fr/hommes/chaussures/baskets/2917566309-adidas-oznova,Chaussures,Baskets,55.0,43,5,"BEIGE, BLANC",1,0.0
341,Pantalon survÃªtement,https://www.vinted.fr/enfants/garcons/vetements-de-sport/2913488203-pantalon-survetement,GarÃ§ons,VÃªtements de sport,6.0,12 ANS / 146-152 CM,2,NOIR,30,2.0
342,"Campus 00s Beige 38,5",https://www.vinted.fr/femmes/chaussures/baskets-2632/2909309881-campus-00s-beige-385,Chaussures,Baskets,200.0,38.5,5,"BEIGE, BLANC",214,11.0
343,Adidas Gazelle Decon neuves,https://www.vinted.fr/femmes/chaussures/baskets-2632/2910551155-adidas-gazelle-decon-neuves,Chaussures,Baskets,73.0,38,5,"MARRON, ROSE",91,0.0
344,Veste Adidas Vintage,https://www.vinted.fr/hombre/ropa/abrigos-y-chaquetas/chaquetas/cortavientos/2899768886-veste-adidas-vintage,Vestes,Vestes coupe-vent,35.0,XL,3,"NOIR, ROUGE",94,6.0
345,Veste adidas bleu,https://www.vinted.fr/hommes/vetements/sweats-and-pulls/pulls-a-capuche-avec-zip/2907871332-veste-adidas-bleu,Sweats & pulls,Pulls Ã  capuche avec zip,15.0,S,4,MARINE,85,2.0
346,Pull Adidas Vintage,https://www.vinted.fr/hommes/vetements/sweats-and-pulls/pulls-et-pulls-a-capuche/2906154609-pull-adidas-vintage,Sweats & pulls,Pulls et pulls Ã  capuche,12.0,S,3,"JAUNE, BLEU",81,1.0
347,Ensemble adidas ol dembele,https://www.vinted.fr/enfants/garcons/vetements-de-sport/2912758551-ensemble-adidas-ol-dembele,GarÃ§ons,VÃªtements de sport,15.0,12 ANS / 146-152 CM,3,"NOIR, ROUGE",16,0.0
348,Veste du Real de Madrid,https://www.vinted.fr/hommes/vetements/vetements-de-sport-and-accessoires/vetements-dexterieur/2883404060-veste-du-real-de-madrid,VÃªtements de sport & accessoires,VÃªtements d'extÃ©rieur,20.0,S,4,"BLEU, MARINE",51,4.0
349,"Basket adidas sleek tissue noir t41,2",https://www.vinted.fr/femmes/chaussures/baskets-2632/2910695210-basket-adidas-sleek-tissue-noir-t412,Chaussures,Baskets,15.0,41.5,3,"NOIR, ARGENTÃ‰",79,1.0
350,Jogging Adidas,https://www.vinted.fr/femmes/vetements/vetements-de-sport/survetements/2908452820-jogging-adidas,VÃªtements de sport,SurvÃªtements,40.0,S / 36 / 8,3,CORAIL,23,4.0
351,Adidas trÃ¨s bon Ã©tat pointure 41,https://www.vinted.fr/hommes/chaussures/baskets/2910159605-adidas-tres-bon-etat-pointure-41,Chaussures,Baskets,39.0,41,3,BLANC,166,1.0
352,Basket adidas neuves,https://www.vinted.fr/enfants/garcons/chaussures/chaussures-de-sport/chaussures-de-basket/2900061192-basket-adidas-neuves,Chaussures de sport,Chaussures de basket,25.0,37,5,NOIR,70,0.0
353,ProtÃ¨ge tibia Adidas,https://www.vinted.fr/hommes/vetements/vetements-de-sport-and-accessoires/accessoires-de-sports/protections/2908429936-protege-tibia-adidas,Accessoires de sports,Protections,13.0,S,4,"NOIR, BLANC",30,2.0
354,ğŸ ensemble Adidas ğŸ,https://www.vinted.fr/femmes/vetements/vetements-de-sport/survetements/2914484992-ensemble-adidas,VÃªtements de sport,SurvÃªtements,45.0,S / 36 / 8,3,ROUGE,183,5.0
355,Adidas Forum Bold,https://www.vinted.fr/enfants/filles/chaussures/baskets/baskets-a-lacets/2869683676-adidas-forum-bold,Baskets,Baskets Ã  lacets,40.0,38,2,"BLANC, ROSE",68,1.0
356,Veste Adidas,https://www.vinted.fr/hommes/vetements/vetements-de-sport-and-accessoires/pulls-and-sweats/2909853211-veste-adidas,VÃªtements de sport & accessoires,Pulls & sweats,28.0,M,3,"BLEU, CRÃˆME",77,0.0
357,2 survÃªtement garÃ§on,https://www.vinted.fr/enfants/garcons/vetements-de-sport/2874907386-2-survetement-garcon,GarÃ§ons,VÃªtements de sport,12.0,3-6 MOIS / 62-68 CM,3,"NOIR, MULTICOLORE",29,1.0
358,Sweat Adidas Vintage,https://www.vinted.fr/hommes/vetements/sweats-and-pulls-1811/2903317697-sweat-adidas-vintage,Sweats & pulls,Sweats,35.0,L,3,GRIS,97,11.0
359,Maillot de football AlgÃ©rie,https://www.vinted.fr/hommes/vetements/vetements-de-sport-and-accessoires/autres/2889553231-maillot-de-football-algerie,VÃªtements de sport & accessoires,Autres,15.0,S,1,"VERT, BLANC",52,1.0
360,Veste adidas,https://www.vinted.fr/enfants/filles/pulls-and-sweats/gilets-zippes/2876539291-veste-adidas,Pulls & sweats,Gilets zippÃ©s,5.0,18-24 MOIS / 86-92 CM,3,ROSE,62,8.0
361,Ensemble de jogging Adidas femme taille S,https://www.vinted.fr/femmes/vetements/vetements-de-sport/survetements/2911604174-ensemble-de-jogging-adidas-femme-taille-s,VÃªtements de sport,SurvÃªtements,38.0,S / 36 / 8,3,"NOIR, BLANC",238,2.0
362,Adidas - Jogging rouge,https://www.vinted.fr/femmes/vetements/vetements-de-sport/survetements/2531111565-adidas-jogging-rouge,VÃªtements de sport,SurvÃªtements,65.0,XXS / 32 / 4,4,"ROUGE, BLANC",15,0.0
363,Ensemble Adidas,https://www.vinted.fr/enfants/garcons/vetements-de-sport/2831608687-ensemble-adidas,GarÃ§ons,VÃªtements de sport,9.0,1-3 MOIS / 56-62 CM,3,BLEU,56,6.0
364,Tee shirt adidas,https://www.vinted.fr/femmes/vetements/hauts-and-t-shirts/t-shirts/2917289084-tee-shirt-adidas,Hauts et t-shirts,T-shirts,10.0,M / 38 / 10,3,ROUGE,2,2.0
365,Adidas bon Ã©tat pointure 42,https://www.vinted.fr/hommes/chaussures/baskets/2909629285-adidas-bon-etat-pointure-42,Chaussures,Baskets,39.0,42,2,BLANC,137,2.0
366,Veste type k-way adidas,https://www.vinted.fr/hommes/vetements/vetements-de-sport-and-accessoires/survetements/2140985083-veste-type-k-way-adidas,VÃªtements de sport & accessoires,SurvÃªtements,7.0,S,3,"NOIR, ROUGE",237,1.0
367,SurvÃªtement de la Juventus,https://www.vinted.fr/hommes/vetements/vetements-de-sport-and-accessoires/survetements/2900093935-survetement-de-la-juventus,VÃªtements de sport & accessoires,SurvÃªtements,20.0,S,3,"GRIS, BLANC",91,2.0
368,Ensemble adidas,https://www.vinted.fr/enfants/garcons/vetements-de-sport/2916038690-ensemble-adidas,GarÃ§ons,VÃªtements de sport,8.0,11 ANS / 140-146 CM,3,MARINE,20,0.0
369,Baskets adidas garÃ§on 24,https://www.vinted.fr/enfants/garcons/chaussures/chaussures-de-sport/chaussures-de-course/2911775565-baskets-adidas-garcon-24,Chaussures de sport,Chaussures de course,15.0,24,3,"VERT, BLANC",115,3.0
370,Adidas Campus 00s,https://www.vinted.fr/heren/schoenen/sneakers/2915972081-adidas-campus-00s,Chaussures,Baskets,130.0,42.5,5,"VERT, VERT FONCÃ‰",33,3.0
371,Sweat capuche,https://www.vinted.fr/femmes/vetements/sweats-and-sweats-a-capuche-196/2917370302-sweat-capuche,Sweats et sweats Ã  capuche,Sweats & sweats Ã  capuche,20.0,XXS / 32 / 4,3,"NOIR, ROSE",1,1.0
372,Veste Adidas Vintage,https://www.vinted.fr/hommes/vetements/manteaux-and-vestes/vestes/vestes-coupe-vent/2903372364-veste-adidas-vintage,Vestes,Vestes coupe-vent,35.0,S,3,"NOIR, ROUGE",86,9.0
373,Baskets Adidas Stan Smith enfants,https://www.vinted.fr/enfants/garcons/chaussures/baskets/baskets-a-scratch/2900104625-baskets-adidas-stan-smith-enfants,Baskets,Baskets Ã  scratch,15.0,28,1,BLANC,142,3.0
374,Jogging Adidas taille S,https://www.vinted.fr/hommes/vetements/vetements-de-sport-and-accessoires/survetements/2915797405-jogging-adidas-taille-s,VÃªtements de sport & accessoires,SurvÃªtements,15.0,S,3,NOIR,16,6.0
375,Crampons adidas,https://www.vinted.fr/men/shoes/sports-shoes/football-boots/2907676002-crampons-adidas,Chaussures de sport,Chaussures de foot,110.0,44,3,BLANC,551,11.0
376,Chaussure adidas,https://www.vinted.fr/hommes/chaussures/baskets/2903200166-chaussure-adidas,Chaussures,Baskets,15.0,41,2,"NOIR, BLANC",67,5.0
377,Ensemble adidas,https://www.vinted.fr/enfants/garcons/vetements-de-sport/2845096402-ensemble-adidas,GarÃ§ons,VÃªtements de sport,20.0,12 ANS / 146-152 CM,3,"NOIR, GRIS",40,7.0
378,Maillot officiel Argentine 3 Ã©toiles Messi 2022 / official Argentina 3 star World cup Messi,https://www.vinted.fr/hommes/vetements/vetements-de-sport-and-accessoires/hauts-and-t-shirts/2902892467-maillot-officiel-argentine-3-etoiles-messi-2022-official-argentina-3-star-world-cup-messi,VÃªtements de sport & accessoires,Hauts & t-shirts,50.0,M,5,"BLEU, BLANC",364,9.0
379,Adidas trÃ¨s bon Ã©tat pointure 42,https://www.vinted.fr/hommes/chaussures/baskets/2909135730-adidas-tres-bon-etat-pointure-42,Chaussures,Baskets,39.0,42,3,NOIR,182,1.0
380,Short adidas,https://www.vinted.fr/enfants/garcons/vetements-de-sport/2891291477-short-adidas,GarÃ§ons,VÃªtements de sport,5.0,11 ANS / 140-146 CM,3,"NOIR, BLANC",61,1.0
381,Tee shirt garÃ§on en taille 8; ans de la marque Adidas,https://www.vinted.fr/enfants/garcons/chemises-and-t-shirts/t-shirts/2829422263-tee-shirt-garcon-en-taille-8-ans-de-la-marque-adidas,Chemises & t-shirts,T-shirts,3.0,8 ANS / 122-128 CM,3,"NOIR, ROUGE",26,2.0
382,jogging adidas,https://www.vinted.fr/hommes/vetements/pantalons/jogging/2915917605-jogging-adidas,Pantalons,Jogging,30.0,S,4,ROSE,18,0.0
383,Jogging adidas vintage bleu,https://www.vinted.fr/hommes/vetements/pantalons/jogging/2917010659-jogging-adidas-vintage-bleu,Pantalons,Jogging,35.0,L,3,BLEU,40,1.0
384,Adidas campus 00s,https://www.vinted.fr/femmes/chaussures/baskets-2632/2907356219-adidas-campus-00s,Chaussures,Baskets,140.0,38,4,ROUGE,220,12.0
385,T-shirt adidas bleu,https://www.vinted.fr/hommes/vetements/vetements-de-sport-and-accessoires/hauts-and-t-shirts/2901497407-t-shirt-adidas-bleu,VÃªtements de sport & accessoires,Hauts & t-shirts,5.0,S,5,BLEU,42,1.0
386,Veste Adidas Vintage,https://www.vinted.fr/hommes/vetements/manteaux-and-vestes/vestes/vestes-coupe-vent/2903381700-veste-adidas-vintage,Vestes,Vestes coupe-vent,35.0,S,3,"BLEU, TURQUOISE",129,18.0
387,"Adidas daim noir / blanc taille 38,5",https://www.vinted.fr/femmes/chaussures/baskets-2632/2911545225-adidas-daim-noir-blanc-taille-385,Chaussures,Baskets,5.0,38.5,1,"NOIR, BLANC",100,11.0
388,Jdogging Adidas,https://www.vinted.fr/hommes/vetements/vetements-de-sport-and-accessoires/survetements/2910762666-jdogging-adidas,VÃªtements de sport & accessoires,SurvÃªtements,12.0,XS,4,"NOIR, BLANC",65,2.0
389,Maillot RÃ©al Madrid 20/21,https://www.vinted.fr/hommes/vetements/vetements-de-sport-and-accessoires/hauts-and-t-shirts/2873913647-maillot-real-madrid-2021,VÃªtements de sport & accessoires,Hauts & t-shirts,25.0,M,4,ROSE,297,23.0
390,veste Adidas femme rÃ©tro noir taille M,https://www.vinted.fr/femmes/vetements/sweats-and-sweats-a-capuche/vestes/2907337265-veste-adidas-femme-retro-noir-taille-m,Sweats et sweats Ã  capuche,Vestes,20.0,M / 38 / 10,3,NOIR,19,0.0
391,Veste adidas (H/F),https://www.vinted.fr/hommes/vetements/vetements-de-sport-and-accessoires/vetements-dexterieur/2904986339-veste-adidas-hf,VÃªtements de sport & accessoires,VÃªtements d'extÃ©rieur,4.0,S,3,"NOIR, ORANGE",89,3.0
392,Bas training Juventus,https://www.vinted.fr/hommes/vetements/vetements-de-sport-and-accessoires/survetements/2901840734-bas-training-juventus,VÃªtements de sport & accessoires,SurvÃªtements,20.0,M,4,"NOIR, ROUGE",97,4.0
393,Maillot Adidas Japon SamouraÃ¯,https://www.vinted.fr/hommes/vetements/vetements-de-sport-and-accessoires/hauts-and-t-shirts/2913528881-maillot-adidas-japon-samourai,VÃªtements de sport & accessoires,Hauts & t-shirts,34.99,S,4,"NOIR, BLANC",42,6.0
394,"Gazelles blue navy, Adidas , pointure 40",https://www.vinted.fr/hommes/chaussures/baskets/2908487798-gazelles-blue-navy-adidas-pointure-40,Chaussures,Baskets,35.0,40,3,MARINE,129,2.0
395,Jogging Adidas rose pÃ¢le,https://www.vinted.fr/mulher/roupa/activewear/fatos-de-treino/2892322631-jogging-adidas-rose-pale,VÃªtements de sport,SurvÃªtements,25.0,XS / 34 / 6,4,"BLANC, ROSE",77,11.0
396,Adidas white samba OG taille 42,https://www.vinted.fr/hommes/chaussures/baskets/2912097964-adidas-white-samba-og-taille-42,Chaussures,Baskets,110.0,42,5,BLANC,183,2.0
397,Emsemble,https://www.vinted.fr/enfants/garcons/autres/2840022823-emsemble,GarÃ§ons,Autres,8.0,10 ANS / 134-140 CM,3,"NOIR, GRIS",48,1.0
398,Jogging Juventus neuf,https://www.vinted.fr/hommes/vetements/vetements-de-sport-and-accessoires/survetements/2892656203-jogging-juventus-neuf,VÃªtements de sport & accessoires,SurvÃªtements,30.0,S,3,"NOIR, GRIS",47,4.0
399,Addidas Ozweego,https://www.vinted.fr/hommes/chaussures/baskets/2905654410-addidas-ozweego,Chaussures,Baskets,45.0,44,4,TURQUOISE,39,3.0
400,Baskets bÃ©bÃ© fille adidas minnie,https://www.vinted.fr/enfants/filles/chaussures/baskets/baskets-a-scratch/2824439674-baskets-bebe-fille-adidas-minnie,Baskets,Baskets Ã  scratch,15.0,19,3,"ROUGE, BLANC",176,15.0
401,Survet gris adidas,https://www.vinted.fr/femmes/vetements/vetements-de-sport/survetements/2886577844-survet-gris-adidas,VÃªtements de sport,SurvÃªtements,3.5,XS / 34 / 6,2,GRIS,139,13.0
402,Ensemble survÃªtement Adidas neuf,https://www.vinted.fr/enfants/garcons/vetements-de-sport/2906276734-ensemble-survetement-adidas-neuf,GarÃ§ons,VÃªtements de sport,39.0,14 ANS / 158-164 CM,5,NOIR,60,3.0
403,Short Adidas Bayer Munich rÃ©tro taille XL,https://www.vinted.fr/hommes/vetements/vetements-de-sport-and-accessoires/shorts/2909016599-short-adidas-bayer-munich-retro-taille-xl,VÃªtements de sport & accessoires,Shorts,17.0,XL,3,"ROUGE, BLEU",213,14.0
404,Pull adidas rose,https://www.vinted.fr/ninos/ninas/jerseis-y-sudaderas/sudaderas/2880804765-pull-adidas-rose,Pulls & sweats,Pulls Ã  capuche & sweatshirts,12.0,13 ANS / 152-158 CM,3,ROSE,34,0.0
405,Gilet zip adidas,https://www.vinted.fr/uomo/vestiti/abbigliamento-sportivo/capispalla/2864627051-gilet-zip-adidas,VÃªtements de sport & accessoires,VÃªtements d'extÃ©rieur,10.0,S,3,"BLEU, MARINE",37,6.0
406,Jogging adidas,https://www.vinted.fr/enfants/garcons/vetements-de-sport/2906843882-jogging-adidas,GarÃ§ons,VÃªtements de sport,25.0,9-12 MOIS / 74-80 CM,4,ORANGE,15,5.0
407,Adidas trÃ¨s bon Ã©tat pointure 41,https://www.vinted.fr/hommes/chaussures/baskets/2909606465-adidas-tres-bon-etat-pointure-41,Chaussures,Baskets,39.0,41,3,BLANC,62,0.0
408,Basket continental 80 j,https://www.vinted.fr/femmes/chaussures/baskets-2632/2915161985-basket-continental-80-j,Chaussures,Baskets,35.0,37,5,BLANC,281,2.0
409,Baskets,https://www.vinted.fr/enfants/filles/chaussures/baskets/baskets-sans-lacets/2915920787-baskets,Baskets,Baskets sans lacets,25.0,35,3,"BLANC, ARGENTÃ‰",7,0.0
410,Adidas Oznova,https://www.vinted.fr/hommes/chaussures/baskets/2917566309-adidas-oznova,Chaussures,Baskets,55.0,43,5,"BEIGE, BLANC",1,0.0
411,Pantalon survÃªtement,https://www.vinted.fr/enfants/garcons/vetements-de-sport/2913488203-pantalon-survetement,GarÃ§ons,VÃªtements de sport,6.0,12 ANS / 146-152 CM,2,NOIR,30,2.0
412,"Campus 00s Beige 38,5",https://www.vinted.fr/femmes/chaussures/baskets-2632/2909309881-campus-00s-beige-385,Chaussures,Baskets,200.0,38.5,5,"BEIGE, BLANC",214,11.0
413,Adidas Gazelle Decon neuves,https://www.vinted.fr/femmes/chaussures/baskets-2632/2910551155-adidas-gazelle-decon-neuves,Chaussures,Baskets,73.0,38,5,"MARRON, ROSE",91,0.0
414,Veste Adidas Vintage,https://www.vinted.fr/hombre/ropa/abrigos-y-chaquetas/chaquetas/cortavientos/2899768886-veste-adidas-vintage,Vestes,Vestes coupe-vent,35.0,XL,3,"NOIR, ROUGE",94,6.0
415,Veste adidas bleu,https://www.vinted.fr/hommes/vetements/sweats-and-pulls/pulls-a-capuche-avec-zip/2907871332-veste-adidas-bleu,Sweats & pulls,Pulls Ã  capuche avec zip,15.0,S,4,MARINE,86,2.0
416,Pull Adidas Vintage,https://www.vinted.fr/hommes/vetements/sweats-and-pulls/pulls-et-pulls-a-capuche/2906154609-pull-adidas-vintage,Sweats & pulls,Pulls et pulls Ã  capuche,12.0,S,3,"JAUNE, BLEU",81,1.0
417,Ensemble adidas ol dembele,https://www.vinted.fr/enfants/garcons/vetements-de-sport/2912758551-ensemble-adidas-ol-dembele,GarÃ§ons,VÃªtements de sport,15.0,12 ANS / 146-152 CM,3,"NOIR, ROUGE",16,0.0
418,Veste du Real de Madrid,https://www.vinted.fr/hommes/vetements/vetements-de-sport-and-accessoires/vetements-dexterieur/2883404060-veste-du-real-de-madrid,VÃªtements de sport & accessoires,VÃªtements d'extÃ©rieur,20.0,S,4,"BLEU, MARINE",51,4.0
419,"Basket adidas sleek tissue noir t41,2",https://www.vinted.fr/femmes/chaussures/baskets-2632/2910695210-basket-adidas-sleek-tissue-noir-t412,Chaussures,Baskets,15.0,41.5,3,"NOIR, ARGENTÃ‰",79,1.0
420,Jogging Adidas,https://www.vinted.fr/femmes/vetements/vetements-de-sport/survetements/2908452820-jogging-adidas,VÃªtements de sport,SurvÃªtements,40.0,S / 36 / 8,3,CORAIL,23,4.0
421,Adidas trÃ¨s bon Ã©tat pointure 41,https://www.vinted.fr/hommes/chaussures/baskets/2910159605-adidas-tres-bon-etat-pointure-41,Chaussures,Baskets,39.0,41,3,BLANC,166,1.0
422,Basket adidas neuves,https://www.vinted.fr/enfants/garcons/chaussures/chaussures-de-sport/chaussures-de-basket/2900061192-basket-adidas-neuves,Chaussures de sport,Chaussures de basket,25.0,37,5,NOIR,70,0.0
423,ProtÃ¨ge tibia Adidas,https://www.vinted.fr/hommes/vetements/vetements-de-sport-and-accessoires/accessoires-de-sports/protections/2908429936-protege-tibia-adidas,Accessoires de sports,Protections,13.0,S,4,"NOIR, BLANC",30,2.0
424,ğŸ ensemble Adidas ğŸ,https://www.vinted.fr/femmes/vetements/vetements-de-sport/survetements/2914484992-ensemble-adidas,VÃªtements de sport,SurvÃªtements,45.0,S / 36 / 8,3,ROUGE,184,5.0
425,Adidas Forum Bold,https://www.vinted.fr/enfants/filles/chaussures/baskets/baskets-a-lacets/2869683676-adidas-forum-bold,Baskets,Baskets Ã  lacets,40.0,38,2,"BLANC, ROSE",68,1.0
426,Veste Adidas,https://www.vinted.fr/hommes/vetements/vetements-de-sport-and-accessoires/pulls-and-sweats/2909853211-veste-adidas,VÃªtements de sport & accessoires,Pulls & sweats,28.0,M,3,"BLEU, CRÃˆME",77,0.0
427,2 survÃªtement garÃ§on,https://www.vinted.fr/enfants/garcons/vetements-de-sport/2874907386-2-survetement-garcon,GarÃ§ons,VÃªtements de sport,12.0,3-6 MOIS / 62-68 CM,3,"NOIR, MULTICOLORE",29,1.0
428,Sweat Adidas Vintage,https://www.vinted.fr/hommes/vetements/sweats-and-pulls-1811/2903317697-sweat-adidas-vintage,Sweats & pulls,Sweats,35.0,L,3,GRIS,97,11.0
429,Maillot de football AlgÃ©rie,https://www.vinted.fr/hommes/vetements/vetements-de-sport-and-accessoires/autres/2889553231-maillot-de-football-algerie,VÃªtements de sport & accessoires,Autres,15.0,S,1,"VERT, BLANC",52,1.0
430,Veste adidas,https://www.vinted.fr/enfants/filles/pulls-and-sweats/gilets-zippes/2876539291-veste-adidas,Pulls & sweats,Gilets zippÃ©s,5.0,18-24 MOIS / 86-92 CM,3,ROSE,62,8.0
431,Ensemble de jogging Adidas femme taille S,https://www.vinted.fr/femmes/vetements/vetements-de-sport/survetements/2911604174-ensemble-de-jogging-adidas-femme-taille-s,VÃªtements de sport,SurvÃªtements,38.0,S / 36 / 8,3,"NOIR, BLANC",239,2.0
432,Adidas - Jogging rouge,https://www.vinted.fr/femmes/vetements/vetements-de-sport/survetements/2531111565-adidas-jogging-rouge,VÃªtements de sport,SurvÃªtements,65.0,XXS / 32 / 4,4,"ROUGE, BLANC",15,0.0
433,Ensemble Adidas,https://www.vinted.fr/enfants/garcons/vetements-de-sport/2831608687-ensemble-adidas,GarÃ§ons,VÃªtements de sport,9.0,1-3 MOIS / 56-62 CM,3,BLEU,56,6.0
434,Tee shirt adidas,https://www.vinted.fr/femmes/vetements/hauts-and-t-shirts/t-shirts/2917289084-tee-shirt-adidas,Hauts et t-shirts,T-shirts,10.0,M / 38 / 10,3,ROUGE,2,2.0
435,Adidas bon Ã©tat pointure 42,https://www.vinted.fr/hommes/chaussures/baskets/2909629285-adidas-bon-etat-pointure-42,Chaussures,Baskets,39.0,42,2,BLANC,137,2.0
436,Veste type k-way adidas,https://www.vinted.fr/hommes/vetements/vetements-de-sport-and-accessoires/survetements/2140985083-veste-type-k-way-adidas,VÃªtements de sport & accessoires,SurvÃªtements,7.0,S,3,"NOIR, ROUGE",237,1.0
437,SurvÃªtement de la Juventus,https://www.vinted.fr/hommes/vetements/vetements-de-sport-and-accessoires/survetements/2900093935-survetement-de-la-juventus,VÃªtements de sport & accessoires,SurvÃªtements,20.0,S,3,"GRIS, BLANC",91,2.0
438,Ensemble adidas,https://www.vinted.fr/enfants/garcons/vetements-de-sport/2916038690-ensemble-adidas,GarÃ§ons,VÃªtements de sport,8.0,11 ANS / 140-146 CM,3,MARINE,20,0.0
439,Baskets adidas garÃ§on 24,https://www.vinted.fr/enfants/garcons/chaussures/chaussures-de-sport/chaussures-de-course/2911775565-baskets-adidas-garcon-24,Chaussures de sport,Chaussures de course,15.0,24,3,"VERT, BLANC",115,3.0
440,Adidas Campus 00s,https://www.vinted.fr/heren/schoenen/sneakers/2915972081-adidas-campus-00s,Chaussures,Baskets,130.0,42.5,5,"VERT, VERT FONCÃ‰",35,3.0
441,Sweat capuche,https://www.vinted.fr/femmes/vetements/sweats-and-sweats-a-capuche-196/2917370302-sweat-capuche,Sweats et sweats Ã  capuche,Sweats & sweats Ã  capuche,20.0,XXS / 32 / 4,3,"NOIR, ROSE",1,1.0
442,Veste Adidas Vintage,https://www.vinted.fr/hommes/vetements/manteaux-and-vestes/vestes/vestes-coupe-vent/2903372364-veste-adidas-vintage,Vestes,Vestes coupe-vent,35.0,S,3,"NOIR, ROUGE",86,9.0
443,Baskets Adidas Stan Smith enfants,https://www.vinted.fr/enfants/garcons/chaussures/baskets/baskets-a-scratch/2900104625-baskets-adidas-stan-smith-enfants,Baskets,Baskets Ã  scratch,15.0,28,1,BLANC,142,3.0
444,Jogging Adidas taille S,https://www.vinted.fr/hommes/vetements/vetements-de-sport-and-accessoires/survetements/2915797405-jogging-adidas-taille-s,VÃªtements de sport & accessoires,SurvÃªtements,15.0,S,3,NOIR,17,6.0
445,Crampons adidas,https://www.vinted.fr/men/shoes/sports-shoes/football-boots/2907676002-crampons-adidas,Chaussures de sport,Chaussures de foot,110.0,44,3,BLANC,552,11.0
446,Chaussure adidas,https://www.vinted.fr/hommes/chaussures/baskets/2903200166-chaussure-adidas,Chaussures,Baskets,15.0,41,2,"NOIR, BLANC",68,5.0
447,Ensemble adidas,https://www.vinted.fr/enfants/garcons/vetements-de-sport/2845096402-ensemble-adidas,GarÃ§ons,VÃªtements de sport,20.0,12 ANS / 146-152 CM,3,"NOIR, GRIS",40,7.0
448,Maillot officiel Argentine 3 Ã©toiles Messi 2022 / official Argentina 3 star World cup Messi,https://www.vinted.fr/hommes/vetements/vetements-de-sport-and-accessoires/hauts-and-t-shirts/2902892467-maillot-officiel-argentine-3-etoiles-messi-2022-official-argentina-3-star-world-cup-messi,VÃªtements de sport & accessoires,Hauts & t-shirts,50.0,M,5,"BLEU, BLANC",364,9.0
449,Adidas trÃ¨s bon Ã©tat pointure 42,https://www.vinted.fr/hommes/chaussures/baskets/2909135730-adidas-tres-bon-etat-pointure-42,Chaussures,Baskets,39.0,42,3,NOIR,182,1.0
450,Short adidas,https://www.vinted.fr/enfants/garcons/vetements-de-sport/2891291477-short-adidas,GarÃ§ons,VÃªtements de sport,5.0,11 ANS / 140-146 CM,3,"NOIR, BLANC",61,1.0
451,Tee shirt garÃ§on en taille 8; ans de la marque Adidas,https://www.vinted.fr/enfants/garcons/chemises-and-t-shirts/t-shirts/2829422263-tee-shirt-garcon-en-taille-8-ans-de-la-marque-adidas,Chemises & t-shirts,T-shirts,3.0,8 ANS / 122-128 CM,3,"NOIR, ROUGE",26,2.0
